bangla,english,santali
স্কুলটি নতুন।,The school is new.,iskul d̪ɔ nɔwaa.
সে পাঠ পড়বে।,He/she will study the lesson.,uni d̪ɔ sikʰnɘt̪ paɽha͡o̯a.
সে মারা যাচ্ছে।,He/she is dying.,unii̯ gɔc̚ʔɛd̪a.
তুমি কথা লিখেছ।,You have written the word.,am d̪ɔ kat̪ʰa ɔlɔʔakada.
পাঠটি নতুন।,The lesson is new.,sikʰnɘt̪ d̪ɔ nɔwaa.
অতিরিক্ত খাজনাটি পরিষ্কার।,The additional assessment on rent is clean.,bʰed͡ʒa d̪ɔ sapʰaa.
ইংল্যান্ডে একটি শব্দ আছে।,There is a noise in the england.,bilətɾɛ awad͡ʒ menaa.
গ্রামে একটি টাকা আছে।,There is a money in the village.,at̪oɾɛ ʈaka menaa.
সতর্কবাণীটি গুরুত্বপূর্ণ।,The alarm is important.,bʰāe d̪ɔ ɟɘɾuɽa.
একটি রান্না স্কুলে আছে।,One cooked food is in the school.,mit̪ʔ basaŋ d̪ɔ iskulɾɛ menaa.
আমাদের মোবাইল ফোন গুরুত্বপূর্ণ।,Our mobile phone is important.,alɛaʔ mɔbaĭl pʰon d̪ɔ ɟɘɾuɽa.
দয়া করে কুয়ায় যাও।,Please go to the well.,d̪a.ja kat̪ɛ kuɲɾɛ calaʔmɛ.
আমি মাছ বিক্রি করেছিলাম।,I sold the fish.,iɲiɲ haku ɘkʰɾiɲkeda.
একটি শিশু কুয়ায় আছে।,One child is in the well.,mit̪ʔʈɛn gid̪ɾɘ d̪ɔ kuɲɾɛ menaa.
তুমি দুধ ও পানি পান করবে।,You will drink the milk and the water.,am d̪ɔ t̪o̯͡a aɾ d̪aʔ ɲua.
আমি ঔষধ কিনব না।,I do not buy the medicine.,iɲ d̪ɔ ɾan bɘɲ kiɾiɲa.
সে ডাক্তার সাহায্য করবে না।,He/she does not help the doctor.,uni d̪ɔ ɖak̚t̪aɾ bai̯ gɔɽɔa.
আমাদের ভাষা নতুন।,Our language is new.,alɛaʔ bʰaka d̪ɔ nɔwaa.
আমি খাবার ও ঔষধ কিনব।,I will buy the food and the medicine.,iɲ d̪ɔ ɟɔmaʔ aɾ ɾan kiɾiɲa.
তোমরা ভাষা বলবে না।,You all do not speak the language.,apɛ d̪ɔ pɘɾsi bapɛ ɾɔɽa.
সে বিদ্যুৎ দেখবে না।,He/she does not see the lightning.,uni d̪ɔ bid͡ʒli bai̯ ɲɛla.
তারা টাকা পেয়েছিল।,They got the money.,oŋkoko ʈaka ɲamkeda.
তুমি টাকা পাবে না।,You do not get the money.,am d̪ɔ ʈaka bam ɲama.
সে কথা লিখেছিল।,He/she wrote the word.,unii̯ kat̪ʰa ɔlɔʔkeda.
তোমরা ঔষধ কিনবে।,You all will buy the medicine.,apɛ d̪ɔ ɾan kiɾiɲa.
উঠানে একটি সন্ধ্যাকাল আছে।,There is an eventide in the courtyard of house.,bəteɾɛ əjup̕ pajaɾ menaa.
বিড়ালটি ভালো।,The cat is good.,pusi d̪ɔ mɔ̃ɟa.
তাদের পোশাক গুরুত্বপূর্ণ।,Their apparel is important.,oŋkoaʔ ahɾan pahaɾand d̪ɔ ɟɘɾuɽa.
সে খাবার বিক্রি করেছিল।,He/she sold the food.,unii̯ ɟɔmaʔ ɘkʰɾiɲkeda.
সে দুধ পান করেছে।,He/she has drunk the milk.,uni d̪ɔ t̪o̯͡a ɲuakada.
ইংল্যান্ডে একটি পেট ব্যথা আছে।,There is a gripes in the england.,bilətɾɛ bɛɾõʈ duk menaa.
তারা কথা বলবে।,They will speak the word.,oŋko d̪ɔ kat̪ʰa ɾɔɽa.
আমি ভাষা লিখব না।,I do not write the language.,iɲ d̪ɔ pɘɾsi bɘɲ ɔlɔʔa.
তোমরা ঔষধ ও মোবাইল ফোন কিনবে।,You all will buy the medicine and the mobile phone.,apɛ d̪ɔ ɾan aɾ mɔbaĭl pʰon kiɾiɲa.
সে খাবার কিনবে না।,He/she does not buy the food.,uni d̪ɔ ɟɔmaʔ bai̯ kiɾiɲa.
গুজবটি গুরুত্বপূর্ণ।,The rumour is important.,bʰakaɾa d̪ɔ ɟɘɾuɽa.
নদী কোথায় আছে?,Where is the river?,gaɖa d̪ɔ ɔkaɾɛ menaa.
কসাইটি পরিষ্কার।,The butcher is clean.,bʰut͡ʃəɽ d̪ɔ sapʰaa.
আমাদের বিড়াল ভালো।,Our cat is good.,alɛaʔ pusi d̪ɔ mɔ̃ɟa.
সে কেমন আছে?,How is he/she?,cɛt̪ʔlɛka meni̯a.
তারা মাছ কিনেছিল।,They bought the fish.,oŋkoko haku kiɾiɲkeda.
একমুঠোটি ভালো।,The handful is good.,aɲd͡ʒle d̪ɔ mɔ̃ɟa.
তুমি মাছ বিক্রি করবে না।,You do not sell the fish.,am d̪ɔ haku bam ɘkʰɾiɲa.
তোমার দুধ সুস্বাদু।,Your milk is tasty.,amaʔ t̪o̯͡a d̪ɔ sibila.
তোমরা মধু ও রান্না খাবে।,You all will eat the honey and the cooked food.,apɛ d̪ɔ ɲɛlɛɾasa aɾ basaŋ ɟɔma.
তোমার দোষ গুরুত্বপূর্ণ।,Your fault is important.,amaʔ əpəi̯ d̪ɔ ɟɘɾuɽa.
উঠানে একটি ঔষধ আছে।,There is a medicine in the courtyard of house.,bəteɾɛ ɾan menaa.
একটি প্রজন্ম গ্রামে আছে।,One generation is in the village.,mit̪ʔʈɛn bibɔɾɔn d̪ɔ at̪oɾɛ menaa.
তারা কাজ করছে।,They are working.,oŋkoko kɘmiɛd̪a.
তারা খাবার পাবে না।,They do not get the food.,oŋko d̪ɔ ɟɔmaʔ bako ɲama.
আমি মাছ খাব।,I will eat the fish.,iɲ d̪ɔ haku ɟɔma.
তোমরা মধু খেয়েছ।,You all have eaten the honey.,apɛ d̪ɔ ɲɛlɛɾasa ɟɔmakada.
তোমরা কথা লিখেছিলে।,You all wrote the word.,apɛpɛ kat̪ʰa ɔlɔʔkeda.
তোমরা পানি পান করবে।,You all will drink the water.,apɛ d̪ɔ d̪aʔ ɲua.
একটি মানুষ গ্রামে আছে।,One person is in the village.,mit̪ʔʈɛn hɔɽ d̪ɔ at̪oɾɛ menaa.
তারা যন্ত্রপাতি দেখবে।,They will see the appliance.,oŋko d̪ɔ bandʰec̕ ɲɛla.
তার ভাড়া গুরুত্বপূর্ণ।,His/her fare is important.,uniaʔ bʰaɽa d̪ɔ ɟɘɾuɽa.
সে ঔষধ পাবে।,He/she will get the medicine.,uni d̪ɔ ɾan ɲama.
সে পাঠ পড়েছিল।,He/she studied the lesson.,unii̯ sikʰnɘt̪ paɽha͡o̯keda.
তাঁতের অংশটি ভালো।,The heddles of loom is good.,bade d̪ɔ mɔ̃ɟa.
"সে ছবি পাবে, কিন্তু ছবি পাবে না।","He/she will get the photo, but does not get the photo.",uni d̪ɔ pʰɔʈɔ ɲama mɛnkʰan pʰɔʈɔ bai̯ ɲama.
"আমি টাকা পাব, কিন্তু খাবার পাব না।","I will get the money, but do not get the food.",iɲ d̪ɔ ʈaka ɲama mɛnkʰan ɟɔmaʔ bɘɲ ɲama.
সে পানি পান করবে না।,He/she does not drink the water.,uni d̪ɔ d̪aʔ bai̯ ɲua.
একটি মানুষ হ্রদে আছে।,One person is in the lake.,mit̪ʔʈɛn hɔɽ d̪ɔ ɟɔlaɾɛ menaa.
"তারা মোবাইল ফোন বিক্রি করবে, কিন্তু খাবার বিক্রি করবে না।","They will sell the mobile phone, but do not sell the food.",oŋko d̪ɔ mɔbaĭl pʰon ɘkʰɾiɲa mɛnkʰan ɟɔmaʔ bako ɘkʰɾiɲa.
গতকাল তারা ঔষধ দেখে বাড়িতে যাবে।,"Yesterday, they see the medicine and then go to the house.",hɔlaɾɛ oŋko ɾan ɲɛlkat̪ɛ ɔɽaʔɾɛ calaʔa.
আমরা অবশিষ্ট দেখব।,We will see the remainder.,alɛ d̪ɔ bəki bɔkɔe̯a ɲɛla.
বিস্তীর্ণ ভূমিে একটি দাদা আছে।,There is a grandfather in the wide expanse of land.,bilənɾɛ ad͡ʒa menaa.
কথাটি ভালো।,The word is good.,kat̪ʰa d̪ɔ mɔ̃ɟa.
সে মাছ ও রান্না খাবে।,He/she will eat the fish and the cooked food.,uni d̪ɔ haku aɾ basaŋ ɟɔma.
জীবনটি গুরুত্বপূর্ণ।,The life is important.,ɟiŋgi d̪ɔ ɟɘɾuɽa.
আমি মা সাহায্য করব না।,I do not help the mother.,iɲ d̪ɔ gɔgɔ bɘɲ gɔɽɔa.
তারা কথা পড়বে।,They will study the word.,oŋko d̪ɔ kat̪ʰa paɽha͡o̯a.
একটি খাবার শহরে আছে।,One food is in the town.,mit̪ʔ ɟɔmaʔ d̪ɔ sɔhɔɽɾɛ menaa.
তারা নারী দেখবে।,They will see the woman.,oŋko d̪ɔ əi̯məi̯ ɲɛla.
তারা অপেক্ষা করছে।,They are waiting.,oŋkoko t̪ɘŋgiɛd̪a.
সে আসছে।,He/she is coming.,unii̯ hiɟuʔɛd̪a.
একটি ভাগ্নে হ্রদে আছে।,One nephew is in the lake.,mit̪ʔʈɛn bʰəgnə d̪ɔ ɟɔlaɾɛ menaa.
আমাদের গৃহপালিত পশু ভালো।,Our domestic animal is good.,alɛaʔ ato posu d̪ɔ mɔ̃ɟa.
চল্লিশটি গুরুত্বপূর্ণ।,The forty is important.,baɾ isi d̪ɔ ɟɘɾuɽa.
আমরা খাবার কিনব না।,We do not buy the food.,alɛ d̪ɔ ɟɔmaʔ balɛ kiɾiɲa.
সে খাবার খাবে না।,He/she does not eat the food.,uni d̪ɔ ɟɔmaʔ bai̯ ɟɔma.
সকালে আমি পানি পান করে নদীতে কাজ করব।,"In the morning, I drink the water and then work in the river.",sɛt̪aʔɾɛ iɲ d̪aʔ ɲukat̪ɛ gaɖaɾɛ kɘmia.
আমরা কিনছি।,We are buying.,alɛlɛ kiɾiɲɛd̪a.
"আমরা কথা পড়ব, কিন্তু ভাষা পড়ব না।","We will study the word, but do not study the language.",alɛ d̪ɔ kat̪ʰa paɽha͡o̯a mɛnkʰan pɘɾsi balɛ paɽha͡o̯a.
গতকাল তোমরা কথা লিখে কুয়ায় খেলবে।,"Yesterday, you all write the word and then play in the well.",hɔlaɾɛ apɛ kat̪ʰa ɔlɔʔkat̪ɛ kuɲɾɛ gat̪ea.
উদ্বেগটি পরিষ্কার।,The anxiety is clean.,bʰabna d̪ɔ sapʰaa.
তারা খাবার বিক্রি করবে।,They will sell the food.,oŋko d̪ɔ ɟɔmaʔ ɘkʰɾiɲa.
তারা মানুষ সাহায্য করবে।,They will help the person.,oŋko d̪ɔ hɔɽ gɔɽɔa.
সে মাছ খেয়েছে।,He/she has eaten the fish.,uni d̪ɔ haku ɟɔmakada.
"তারা ঘড়ি বিক্রি করবে, কিন্তু মোবাইল ফোন বিক্রি করবে না।","They will sell the watch, but do not sell the mobile phone.",oŋko d̪ɔ gʰuɽi ɘkʰɾiɲa mɛnkʰan mɔbaĭl pʰon bako ɘkʰɾiɲa.
আমাদের ডাক্তার ছোট।,Our doctor is small.,alɛaʔ ɖak̚t̪aɾ d̪ɔ lɘʈua.
তোমরা মাছ বিক্রি করেছিলে।,You all sold the fish.,apɛpɛ haku ɘkʰɾiɲkeda.
একটি টাকা নদীতে আছে।,One money is in the river.,mit̪ʔ ʈaka d̪ɔ gaɖaɾɛ menaa.
আমরা ভাষা লিখব।,We will write the language.,alɛ d̪ɔ pɘɾsi ɔlɔʔa.
সে ডাক্তার সাহায্য করবে।,He/she will help the doctor.,uni d̪ɔ ɖak̚t̪aɾ gɔɽɔa.
শুকরটি আনন্দের।,The pig is happy.,suk̚ɾi d̪ɔ ɾɘskɘa.
সে ছবি পাবে।,He/she will get the photo.,uni d̪ɔ pʰɔʈɔ ɲama.
একটি জেলে শহরে আছে।,One fisherman is in the town.,mit̪ʔʈɛn ɟɘliɘ d̪ɔ sɔhɔɽɾɛ menaa.
সকালে আমি কথা লিখে কুয়ায় আসব।,"In the morning, I write the word and then come to the well.",sɛt̪aʔɾɛ iɲ kat̪ʰa ɔlɔʔkat̪ɛ kuɲɾɛ hiɟuʔa.
আমি যাচ্ছি।,I am going.,iɲiɲ calaʔɛd̪a.
আমার উৎসব নতুন।,My festival is new.,iɲaʔ pɔɾɔb d̪ɔ nɔwaa.
সে পছন্দ ও ছাগলের বিষ্ঠা দেখবে।,He/she will see the choice and the goat's dropping.,uni d̪ɔ əpɾug aɾ bʰelə̃uɳɖi ɲɛla.
দয়া করে স্কুলে অপেক্ষা করো।,Please wait in the school.,d̪a.ja kat̪ɛ iskulɾɛ t̪ɘŋgimɛ.
সেই সময় তুমি ভাষা পড়ে নদীতে যাবে।,"At that time, you study the language and then go to the river.",ɔkt̪ɛɾɛ am pɘɾsi paɽha͡o̯kat̪ɛ gaɖaɾɛ calaʔa.
বাসস্থানে একটি উৎসব আছে।,There is a festival in the residence.,basaɾɛ pɔɾɔb menaa.
আমরা ভাষা বলব।,We will speak the language.,alɛ d̪ɔ pɘɾsi ɾɔɽa.
আমি ঘড়ি বিক্রি করেছি।,I have sold the watch.,iɲ d̪ɔ gʰuɽi ɘkʰɾiɲakada.
সে মাছ কিনবে।,He/she will buy the fish.,uni d̪ɔ haku kiɾiɲa.
আজ তুমি রান্না খেয়ে বাড়িতে কাজ করবে।,"Today, you eat the cooked food and then work in the house.",t̪eheɲɾɛ am basaŋ ɟɔmkat̪ɛ ɔɽaʔɾɛ kɘmia.
বিদ্যুৎটি ভালো।,The lightning is good.,bid͡ʒli d̪ɔ mɔ̃ɟa.
তোমরা কথা লিখবে না।,You all do not write the word.,apɛ d̪ɔ kat̪ʰa bapɛ ɔlɔʔa.
ভণ্ডটি ছোট।,The pretender is small.,bʰiduk d̪ɔ lɘʈua.
তোমরা ভাষা লিখেছিলে।,You all wrote the language.,apɛpɛ pɘɾsi ɔlɔʔkeda.
গুহাে একটি নদী আছে।,There is a river in the cave.,bʰugək̕ɾɛ gaɖa menaa.
তারা বিঘত ও কষ্ট দেখবে।,They will see the span and the distress.,oŋko d̪ɔ beɽ aɾ alad͡ʒʰala ɲɛla.
হ্রদে একটি পরজীবী উদ্ভিদ আছে।,There is a parasitic plant in the lake.,ɟɔlaɾɛ alagd͡ʒəɽi menaa.
তুমি দুধ পান করেছ।,You have drunk the milk.,am d̪ɔ t̪o̯͡a ɲuakada.
তোমরা ঘড়ি বিক্রি করবে।,You all will sell the watch.,apɛ d̪ɔ gʰuɽi ɘkʰɾiɲa.
তাদের অংশীদার ভালো।,Their partner is good.,oŋkoaʔ bʰəgiə̯ɾi d̪ɔ mɔ̃ɟa.
তারা আসছে।,They are coming.,oŋkoko hiɟuʔɛd̪a.
সে কথা লিখবে না।,He/she does not write the word.,uni d̪ɔ kat̪ʰa bai̯ ɔlɔʔa.
আমি কথা লিখব।,I will write the word.,iɲ d̪ɔ kat̪ʰa ɔlɔʔa.
তোমরা ভুল দেখবে না।,You all do not see the blunder.,apɛ d̪ɔ bʰul bapɛ ɲɛla.
"সে কথা লিখবে, কিন্তু ভাষা লিখবে না।","He/she will write the word, but does not write the language.",uni d̪ɔ kat̪ʰa ɔlɔʔa mɛnkʰan pɘɾsi bai̯ ɔlɔʔa.
"আমি ভাষা বলব, কিন্তু কথা বলব না।","I will speak the language, but do not speak the word.",iɲ d̪ɔ pɘɾsi ɾɔɽa mɛnkʰan kat̪ʰa bɘɲ ɾɔɽa.
একটি মাছ বাড়িতে আছে।,One fish is in the house.,mit̪ʔ haku d̪ɔ ɔɽaʔɾɛ menaa.
আমার শিশু আনন্দের।,My child is happy.,iɲaʔ gid̪ɾɘ d̪ɔ ɾɘskɘa.
"আমরা মোবাইল ফোন কিনব, কিন্তু ঘড়ি কিনব না।","We will buy the mobile phone, but do not buy the watch.",alɛ d̪ɔ mɔbaĭl pʰon kiɾiɲa mɛnkʰan gʰuɽi balɛ kiɾiɲa.
"সে ঔষধ পাবে, কিন্তু খাবার পাবে না।","He/she will get the medicine, but does not get the food.",uni d̪ɔ ɾan ɲama mɛnkʰan ɟɔmaʔ bai̯ ɲama.
দয়া করে মধু খাও।,Please eat the honey.,d̪a.ja kat̪ɛ ɲɛlɛɾasa ɟɔmmɛ.
নিকটবর্তী এলাকাে একটি জীবন আছে।,There is a life in the vicinity.,aɖe ʈolaɾɛ ɟiŋgi menaa.
শহরে একটি পরিমাপ আছে।,There is a measure in the town.,sɔhɔɽɾɛ ae̯ menaa.
তুমি টাকা পাবে।,You will get the money.,am d̪ɔ ʈaka ɲama.
ইংল্যান্ডে একটি কুয়া আছে।,There is a well in the england.,bilətɾɛ kuɲ menaa.
সে মাছ বিক্রি করেছে।,He/she has sold the fish.,uni d̪ɔ haku ɘkʰɾiɲakada.
"সে আধপাকা ফলের বিচি দেখবে, কিন্তু কণ্ঠস্বর দেখবে না।","He/she will see the kernel of half-ripe fruits, but does not see the voice.",uni d̪ɔ bʰəti ɲɛla mɛnkʰan aɽaŋ bai̯ ɲɛla.
নদীতে একটি পোশাক আছে।,There is an attire in the river.,gaɖaɾɛ bʰagwa menaa.
সে বাবা সাহায্য করবে না।,He/she does not help the father.,uni d̪ɔ baba bai̯ gɔɽɔa.
আমি মধু খাব।,I will eat the honey.,iɲ d̪ɔ ɲɛlɛɾasa ɟɔma.
আখরোটটি সুস্বাদু।,The walnut is tasty.,akʰɾoʈ d̪ɔ sibila.
নিকটবর্তী এলাকাে একটি পানি আছে।,There is a water in the vicinity.,aɖe ʈolaɾɛ d̪aʔ menaa.
আমি কথা পড়েছি।,I have studied the word.,iɲ d̪ɔ kat̪ʰa paɽha͡o̯akada.
তুমি কথা লিখেছিলে।,You wrote the word.,amɛm kat̪ʰa ɔlɔʔkeda.
তুমি ভাষা লিখবে।,You will write the language.,am d̪ɔ pɘɾsi ɔlɔʔa.
একটি মধু স্কুলে আছে।,One honey is in the school.,mit̪ʔ ɲɛlɛɾasa d̪ɔ iskulɾɛ menaa.
একটি ভাই কুয়ায় আছে।,One brother is in the well.,mit̪ʔʈɛn baɾet d̪ɔ kuɲɾɛ menaa.
সে ভাষা বলবে না।,He/she does not speak the language.,uni d̪ɔ pɘɾsi bai̯ ɾɔɽa.
তুমি নিরামিষাশী ও গরু ডাকার শব্দ দেখবে।,You will see the vegetarian and the cattle call.,am d̪ɔ bʰagat aɾ bihet̕ ɲɛla.
হ্রদে একটি উৎসব আছে।,There is a festival in the lake.,ɟɔlaɾɛ pɔɾɔb menaa.
আমরা বসছি।,We are sitting.,alɛlɛ d̪uɽup̚ʔɛd̪a.
তোমরা ভাষা বলেছ।,You all have spoken the language.,apɛ d̪ɔ pɘɾsi ɾɔɽakada.
বাসস্থানে একটি বিরক্তি আছে।,There is an annoyance in the dwelling place.,basɾɛ əɽis menaa.
আমরা দুধ ও পানি পান করব।,We will drink the milk and the water.,alɛ d̪ɔ t̪o̯͡a aɾ d̪aʔ ɲua.
তুমি এখন কী করবে?,What will you do now?,nit̪ʔ cɛʔɛm ceka ja.
সে কথা পড়বে না।,He/she does not study the word.,uni d̪ɔ kat̪ʰa bai̯ paɽha͡o̯a.
তারা ঔষধ কিনবে না।,They do not buy the medicine.,oŋko d̪ɔ ɾan bako kiɾiɲa.
শহরে একটি কারকীয় ক্রিয়া আছে।,There is a causative inflection in the town.,sɔhɔɽɾɛ a menaa.
আমি কথা লিখেছি।,I have written the word.,iɲ d̪ɔ kat̪ʰa ɔlɔʔakada.
তুমি মাছ কিনেছ।,You have bought the fish.,am d̪ɔ haku kiɾiɲakada.
বাসস্থানে একটি বোকা আছে।,There is a fool in the residence.,basaɾɛ bemblaha menaa.
বাড়িতে একটি ডাক্তার আছে।,There is a doctor in the house.,ɔɽaʔɾɛ ɖak̚t̪aɾ menaa.
আমি ছবি পাব না।,I do not get the photo.,iɲ d̪ɔ pʰɔʈɔ bɘɲ ɲama.
আনারসটি ভালো।,The pineapple is good.,ananas d̪ɔ mɔ̃ɟa.
বাড়িতে একটি পবিত্র সিন্দুক আছে।,There is an ark of the covenant in the house.,ɔɽaʔɾɛ ən sunduk menaa.
দয়া করে পাঠ পড়ো।,Please study the lesson.,d̪a.ja kat̪ɛ sikʰnɘt̪ paɽha͡o̯mɛ.
তারা মধু ও রান্না খাবে।,They will eat the honey and the cooked food.,oŋko d̪ɔ ɲɛlɛɾasa aɾ basaŋ ɟɔma.
সকালে সে আয়না দেখে নদীতে কাজ করবে।,"In the morning, he/she see the mirror and then work in the river.",sɛt̪aʔɾɛ uni əɾsi ɲɛlkat̪ɛ gaɖaɾɛ kɘmia.
গতকাল আমরা মধু খেয়ে শহরে যাব।,"Yesterday, we eat the honey and then go to the town.",hɔlaɾɛ alɛ ɲɛlɛɾasa ɟɔmkat̪ɛ sɔhɔɽɾɛ calaʔa.
তারা কথা বলেছিল।,They spoke the word.,oŋkoko kat̪ʰa ɾɔɽkeda.
"আমি খাবার কিনব, কিন্তু মোবাইল ফোন কিনব না।","I will buy the food, but do not buy the mobile phone.",iɲ d̪ɔ ɟɔmaʔ kiɾiɲa mɛnkʰan mɔbaĭl pʰon bɘɲ kiɾiɲa.
সে পানি পান করেছে।,He/she has drunk the water.,uni d̪ɔ d̪aʔ ɲuakada.
আমরা মাছ ও ঘড়ি কিনব।,We will buy the fish and the watch.,alɛ d̪ɔ haku aɾ gʰuɽi kiɾiɲa.
তোমরা মোবাইল ফোন কিনেছিলে।,You all bought the mobile phone.,apɛpɛ mɔbaĭl pʰon kiɾiɲkeda.
আদিবাসীটি গুরুত্বপূর্ণ।,The aborigines is important.,bəu̯ɾi d̪ɔ ɟɘɾuɽa.
তুমি খাবার ও ঔষধ কিনবে।,You will buy the food and the medicine.,am d̪ɔ ɟɔmaʔ aɾ ɾan kiɾiɲa.
স্কুলে একটি শিশু আছে।,There is a child in the school.,iskulɾɛ gid̪ɾɘ menaa.
"আমি মোবাইল ফোন বিক্রি করব, কিন্তু ঘড়ি বিক্রি করব না।","I will sell the mobile phone, but do not sell the watch.",iɲ d̪ɔ mɔbaĭl pʰon ɘkʰɾiɲa mɛnkʰan gʰuɽi bɘɲ ɘkʰɾiɲa.
শহরে একটি আখ আছে।,There is a sugarcane in the town.,sɔhɔɽɾɛ ək menaa.
আমরা পাঠ পড়ব।,We will study the lesson.,alɛ d̪ɔ sikʰnɘt̪ paɽha͡o̯a.
তুমি ডাক্তার সাহায্য করবে না।,You do not help the doctor.,am d̪ɔ ɖak̚t̪aɾ bam gɔɽɔa.
আমি খাবার কিনেছিলাম।,I bought the food.,iɲiɲ ɟɔmaʔ kiɾiɲkeda.
তোমরা মাছ বিক্রি করবে না।,You all do not sell the fish.,apɛ d̪ɔ haku bapɛ ɘkʰɾiɲa.
একটি বিদেশী শহরে আছে।,One foreigner is in the town.,mit̪ʔʈɛn bidesiə̯ d̪ɔ sɔhɔɽɾɛ menaa.
সকালে আমরা ভাষা পড়ে গ্রামে আসব।,"In the morning, we study the language and then come to the village.",sɛt̪aʔɾɛ alɛ pɘɾsi paɽha͡o̯kat̪ɛ at̪oɾɛ hiɟuʔa.
আমরা দুধ পান করব না।,We do not drink the milk.,alɛ d̪ɔ t̪o̯͡a balɛ ɲua.
আজ তারা মাছ খেয়ে গ্রামে খেলবে।,"Today, they eat the fish and then play in the village.",t̪eheɲɾɛ oŋko haku ɟɔmkat̪ɛ at̪oɾɛ gat̪ea.
আমি কেমন আছে?,How am I?,cɛt̪ʔlɛka meniɲa.
তারা দুধ ও পানি পান করবে।,They will drink the milk and the water.,oŋko d̪ɔ t̪o̯͡a aɾ d̪aʔ ɲua.
তাদের ভাই ছোট।,Their brother is small.,oŋkoaʔ bɔ͡i̯ha d̪ɔ lɘʈua.
বালতিটি নতুন।,The bucket is new.,bəlʈi d̪ɔ nɔwaa.
ইংল্যান্ডে একটি অংশীদার আছে।,There is a partner in the england.,bilətɾɛ bʰəgiə̯ɾi menaa.
দয়া করে বাড়িতে বসো।,Please sit in the house.,d̪a.ja kat̪ɛ ɔɽaʔɾɛ d̪uɽup̚ʔmɛ.
তোমরা দুধ ও পানি পান করবে।,You all will drink the milk and the water.,apɛ d̪ɔ t̪o̯͡a aɾ d̪aʔ ɲua.
আড়ালে একটি বালিয়া সারস পাখি আছে।,There is a sand martin in the covert.,ao̯tanɾɛ bʰəluə̯ menaa.
তুমি ঔষধ কিনেছ।,You have bought the medicine.,am d̪ɔ ɾan kiɾiɲakada.
পাড়াে একটি বাধা আছে।,There is a hitch in the neighbourhood.,aɖe paseɾɛ bəndʰi menaa.
দয়া করে খাবার খাও।,Please eat the food.,d̪a.ja kat̪ɛ ɟɔmaʔ ɟɔmmɛ.
তুমি কিনছ।,You is buying.,amɛm kiɾiɲɛd̪a.
তোমাদের নদী নতুন।,Your river is new.,apɛaʔ gaɖa d̪ɔ nɔwaa.
অবিশ্বাসীটি গুরুত্বপূর্ণ।,The heathen is important.,bedin d̪ɔ ɟɘɾuɽa.
তোমরা বলছ।,You all are speaking.,apɛpɛ ɾɔɽɛd̪a.
পা কোথায় আছে?,Where is the foot?,kaʈa d̪ɔ ɔkaɾɛ menaa.
তাদের শুকর ভালো।,Their pig is good.,oŋkoaʔ suk̚ɾi d̪ɔ mɔ̃ɟa.
দয়া করে ভাষা লিখো।,Please write the language.,d̪a.ja kat̪ɛ pɘɾsi ɔlɔʔmɛ.
দয়া করে হ্রদে যাও।,Please go to the lake.,d̪a.ja kat̪ɛ ɟɔlaɾɛ calaʔmɛ.
গতকাল তুমি টকশাক দেখে নদীতে খেলবে।,"Yesterday, you see the sorel and then play in the river.",hɔlaɾɛ am aɾak̕ kudɾum ɲɛlkat̪ɛ gaɖaɾɛ gat̪ea.
সেই সময় আমরা পাঠ পড়ে বাড়িতে যাব।,"At that time, we study the lesson and then go to the house.",ɔkt̪ɛɾɛ alɛ sikʰnɘt̪ paɽha͡o̯kat̪ɛ ɔɽaʔɾɛ calaʔa.
লাগামটি পরিষ্কার।,The bridle is clean.,bag d̪ɔ sapʰaa.
বাসস্থানে একটি শিকার আছে।,There is a prey in the dwelling place.,basɾɛ aheɾ menaa.
তারা বাবা সাহায্য করবে।,They will help the father.,oŋko d̪ɔ baba gɔɽɔa.
সে খাবার বিক্রি করেছে।,He/she has sold the food.,uni d̪ɔ ɟɔmaʔ ɘkʰɾiɲakada.
একটি বিদেশী নদীতে আছে।,One foreigner is in the river.,mit̪ʔʈɛn bidesiə̯ d̪ɔ gaɖaɾɛ menaa.
তারা বাবা সাহায্য করবে না।,They do not help the father.,oŋko d̪ɔ baba bako gɔɽɔa.
জোর খাটানো শ্রমটি ভালো।,The forced labour is good.,begaɾ d̪ɔ mɔ̃ɟa.
গ্রামে একটি বিদেশী আছে।,There is a foreigner in the village.,at̪oɾɛ bidesiə̯ menaa.
তারা ভাষা বলেছে।,They have spoken the language.,oŋko d̪ɔ pɘɾsi ɾɔɽakada.
আমরা ভাষা পড়েছি।,We have studied the language.,alɛ d̪ɔ pɘɾsi paɽha͡o̯akada.
তুমি বয়লার দেখবে।,You will see the boiler.,am d̪ɔ bʰəʈʰi ɲɛla.
আজ তুমি রান্না খেয়ে গ্রামে কাজ করবে।,"Today, you eat the cooked food and then work in the village.",t̪eheɲɾɛ am basaŋ ɟɔmkat̪ɛ at̪oɾɛ kɘmia.
তারা মা সাহায্য করবে না।,They do not help the mother.,oŋko d̪ɔ gɔgɔ bako gɔɽɔa.
তুমি দাম দেখবে না।,You do not see the price.,am d̪ɔ bʰao̯ bam ɲɛla.
গতকাল আমি পানি পান করে শহরে যাব।,"Yesterday, I drink the water and then go to the town.",hɔlaɾɛ iɲ d̪aʔ ɲukat̪ɛ sɔhɔɽɾɛ calaʔa.
ভাইটি আনন্দের।,The brother is happy.,bɔ͡i̯ha d̪ɔ ɾɘskɘa.
সকালে সে পানি পান করে হ্রদে যাবে।,"In the morning, he/she drink the water and then go to the lake.",sɛt̪aʔɾɛ uni d̪aʔ ɲukat̪ɛ ɟɔlaɾɛ calaʔa.
তারা শ্রমিক ও এক প্রজাতির মাছ দেখবে।,They will see the navvy and the species of fish.,oŋko d̪ɔ beldaɾ aɾ badʰoɽ ɲɛla.
আমি ভাষা লিখব।,I will write the language.,iɲ d̪ɔ pɘɾsi ɔlɔʔa.
তাঁতের অংশটি গুরুত্বপূর্ণ।,The heddles of loom is important.,bade d̪ɔ ɟɘɾuɽa.
তোমাদের গুপ্তচর ছোট।,Your spy is small.,apɛaʔ baʈ paɽ d̪ɔ lɘʈua.
তোমরা টাকা পেয়েছ।,You all have gotten the money.,apɛ d̪ɔ ʈaka ɲamakada.
সকালে তুমি মাছ খেয়ে বাড়িতে খেলবে।,"In the morning, you eat the fish and then play in the house.",sɛt̪aʔɾɛ am haku ɟɔmkat̪ɛ ɔɽaʔɾɛ gat̪ea.
শহরে একটি নদী আছে।,There is a river in the town.,sɔhɔɽɾɛ gaɖa menaa.
শহরে একটি রোগ আছে।,There is an illness in the town.,sɔhɔɽɾɛ ɾu̯͡ɘ menaa.
তারা ভাষা লিখবে।,They will write the language.,oŋko d̪ɔ pɘɾsi ɔlɔʔa.
গানটি ভালো।,The song is good.,seɾeɲ d̪ɔ mɔ̃ɟa.
ঢালটি ভালো।,The declivity is good.,anaɽgo d̪ɔ mɔ̃ɟa.
আজ তোমরা অকাল জন্ম দেখে কুয়ায় কাজ করবে।,"Today, you all see the premature birth and then work in the well.",t̪eheɲɾɛ apɛ adpakolia ɲɛlkat̪ɛ kuɲɾɛ kɘmia.
গতকাল তুমি পাঠ পড়ে শহরে কাজ করবে।,"Yesterday, you study the lesson and then work in the town.",hɔlaɾɛ am sikʰnɘt̪ paɽha͡o̯kat̪ɛ sɔhɔɽɾɛ kɘmia.
সে ভাষা পড়বে।,He/she will study the language.,uni d̪ɔ pɘɾsi paɽha͡o̯a.
তারা কথা লিখবে না।,They do not write the word.,oŋko d̪ɔ kat̪ʰa bako ɔlɔʔa.
সে দুধ পান করবে না।,He/she does not drink the milk.,uni d̪ɔ t̪o̯͡a bai̯ ɲua.
গতকাল আমরা কথা পড়ে গ্রামে আসব।,"Yesterday, we study the word and then come to the village.",hɔlaɾɛ alɛ kat̪ʰa paɽha͡o̯kat̪ɛ at̪oɾɛ hiɟuʔa.
তোমার শিশু আনন্দের।,Your child is happy.,amaʔ gid̪ɾɘ d̪ɔ ɾɘskɘa.
সে খাবার খেয়েছে।,He/she has eaten the food.,uni d̪ɔ ɟɔmaʔ ɟɔmakada.
টাকাটি ভালো।,The money is good.,ʈaka d̪ɔ mɔ̃ɟa.
সে পাঠ পড়েছে।,He/she has studied the lesson.,uni d̪ɔ sikʰnɘt̪ paɽha͡o̯akada.
সে পড়ছে।,He/she is studying.,unii̯ paɽha͡o̯ɛd̪a.
সেই সময় তোমরা ঘড়ি কিনে স্কুলে আসবে।,"At that time, you all buy the watch and then come to the school.",ɔkt̪ɛɾɛ apɛ gʰuɽi kiɾiɲkat̪ɛ iskulɾɛ hiɟuʔa.
তারা পানি পান করেছিল।,They drank the water.,oŋkoko d̪aʔ ɲukeda.
আমরা কথা বলব না।,We do not speak the word.,alɛ d̪ɔ kat̪ʰa balɛ ɾɔɽa.
"তুমি খাবার বিক্রি করবে, কিন্তু মাছ বিক্রি করবে না।","You will sell the food, but do not sell the fish.",am d̪ɔ ɟɔmaʔ ɘkʰɾiɲa mɛnkʰan haku bam ɘkʰɾiɲa.
তোমরা মাছ খাবে।,You all will eat the fish.,apɛ d̪ɔ haku ɟɔma.
আজ তোমরা বাবা দেখে বাড়িতে খেলবে।,"Today, you all see the father and then play in the house.",t̪eheɲɾɛ apɛ apa ɲɛlkat̪ɛ ɔɽaʔɾɛ gat̪ea.
আমি বিড়াল দেখেছিলাম।,I saw the cat.,iɲiɲ pusi ɲɛlkeda.
গ্রামে একটি জীবন আছে।,There is a life in the village.,at̪oɾɛ ɟiŋgi menaa.
নদীতে একটি শুকর আছে।,There is a pig in the river.,gaɖaɾɛ suk̚ɾi menaa.
একটি বাসিন্দা কুয়ায় আছে।,One inhabitant is in the well.,mit̪ʔʈɛn baskitiə̯ d̪ɔ kuɲɾɛ menaa.
সে রান্না খেয়েছিল।,He/she ate the cooked food.,unii̯ basaŋ ɟɔmkeda.
তোমরা কাজ করছ।,You all are working.,apɛpɛ kɘmiɛd̪a.
সে রান্না খাবে।,He/she will eat the cooked food.,uni d̪ɔ basaŋ ɟɔma.
তোমরা কথা পড়েছিলে।,You all studied the word.,apɛpɛ kat̪ʰa paɽha͡o̯keda.
নিকটবর্তী এলাকাে একটি আতশবাজি আছে।,There is a fireworks in the vicinity.,aɖe ʈolaɾɛ bʰui̯t͡ʃampa menaa.
"তুমি রান্না খাবে, কিন্তু মাছ খাবে না।","You will eat the cooked food, but do not eat the fish.",am d̪ɔ basaŋ ɟɔma mɛnkʰan haku bam ɟɔma.
ভাইটি ছোট।,The brother is small.,baɾet d̪ɔ lɘʈua.
আমি ছবি পাব।,I will get the photo.,iɲ d̪ɔ pʰɔʈɔ ɲama.
গতকাল তোমরা ঘড়ি কিনে স্কুলে খেলবে।,"Yesterday, you all buy the watch and then play in the school.",hɔlaɾɛ apɛ gʰuɽi kiɾiɲkat̪ɛ iskulɾɛ gat̪ea.
আমরা অবিশ্বাসী দেখব না।,We do not see the heathen.,alɛ d̪ɔ bedin balɛ ɲɛla.
তোমরা ভাষা পড়বে।,You all will study the language.,apɛ d̪ɔ pɘɾsi paɽha͡o̯a.
সে মাছ বিক্রি করবে।,He/she will sell the fish.,uni d̪ɔ haku ɘkʰɾiɲa.
তারা কথা বলবে না।,They do not speak the word.,oŋko d̪ɔ kat̪ʰa bako ɾɔɽa.
তারা দুধ পান করেছে।,They have drunk the milk.,oŋko d̪ɔ t̪o̯͡a ɲuakada.
আমি ভাষা বলব না।,I do not speak the language.,iɲ d̪ɔ pɘɾsi bɘɲ ɾɔɽa.
বাসস্থানে একটি অজ্ঞতা আছে।,There is an ignorance in the dwelling place.,basɾɛ bʰut͡ʃ menaa.
গতকাল সে কথা লিখে নদীতে কাজ করবে।,"Yesterday, he/she write the word and then work in the river.",hɔlaɾɛ uni kat̪ʰa ɔlɔʔkat̪ɛ gaɖaɾɛ kɘmia.
তারা খাচ্ছে।,They are eating.,oŋkoko ɟɔmɛd̪a.
তুমি কেমন আছে?,How is you?,cɛt̪ʔlɛka menɛma.
সকালে তুমি গুজব রটনাকারী দেখে নদীতে কাজ করবে।,"In the morning, you see the gossiping and then work in the river.",sɛt̪aʔɾɛ am bəd͡ʒniə̯ ɲɛlkat̪ɛ gaɖaɾɛ kɘmia.
সে ঘড়ি বিক্রি করেছে।,He/she has sold the watch.,uni d̪ɔ gʰuɽi ɘkʰɾiɲakada.
তোমরা বিনিময় দেখবে না।,You all do not see the exchange.,apɛ d̪ɔ badla bapɛ ɲɛla.
আমরা ঔষধ কিনেছিলাম।,We bought the medicine.,alɛlɛ ɾan kiɾiɲkeda.
বাড়িটি নতুন।,The house is new.,ɔɽaʔ d̪ɔ nɔwaa.
আমরা ছবি পেয়েছি।,We have gotten the photo.,alɛ d̪ɔ pʰɔʈɔ ɲamakada.
তারা মা সাহায্য করবে।,They will help the mother.,oŋko d̪ɔ gɔgɔ gɔɽɔa.
আমরা ঔষধ ও মাছ কিনব।,We will buy the medicine and the fish.,alɛ d̪ɔ ɾan aɾ haku kiɾiɲa.
তারা ভাষা লিখেছিল।,They wrote the language.,oŋkoko pɘɾsi ɔlɔʔkeda.
একটি শিশু বাড়িতে আছে।,One baby is in the house.,mit̪ʔʈɛn bale d̪ɔ ɔɽaʔɾɛ menaa.
আমরা খাবার খাব।,We will eat the food.,alɛ d̪ɔ ɟɔmaʔ ɟɔma.
আমরা এখন কী করবে?,What will we do now?,nit̪ʔ cɛʔlɛ ceka ja.
"আমরা দুধ পান করব, কিন্তু পানি পান করব না।","We will drink the milk, but do not drink the water.",alɛ d̪ɔ t̪o̯͡a ɲua mɛnkʰan d̪aʔ balɛ ɲua.
তুমি খেলছ।,You is playing.,amɛm gat̪eɛd̪a.
আজ আমি চারা রোপণ দেখে শহরে যাব।,"Today, I see the transplantation and then go to the town.",t̪eheɲɾɛ iɲ apʰɔɾ ɲɛlkat̪ɛ sɔhɔɽɾɛ calaʔa.
তারা মোবাইল ফোন কিনবে না।,They do not buy the mobile phone.,oŋko d̪ɔ mɔbaĭl pʰon bako kiɾiɲa.
আমি ঘড়ি কিনব না।,I do not buy the watch.,iɲ d̪ɔ gʰuɽi bɘɲ kiɾiɲa.
আমি খাবার ও রান্না খাব।,I will eat the food and the cooked food.,iɲ d̪ɔ ɟɔmaʔ aɾ basaŋ ɟɔma.
পিঁপড়াটি আনন্দের।,The ant is happy.,muc̚ʔ d̪ɔ ɾɘskɘa.
লাভটি নতুন।,The profit is new.,baɾpʰəi̯ d̪ɔ nɔwaa.
আমরা খাবার ও মধু খাব।,We will eat the food and the honey.,alɛ d̪ɔ ɟɔmaʔ aɾ ɲɛlɛɾasa ɟɔma.
আমরা ডাক্তার সাহায্য করব।,We will help the doctor.,alɛ d̪ɔ ɖak̚t̪aɾ gɔɽɔa.
দয়া করে নদীতে অপেক্ষা করো।,Please wait in the river.,d̪a.ja kat̪ɛ gaɖaɾɛ t̪ɘŋgimɛ.
গানটি গুরুত্বপূর্ণ।,The song is important.,seɾeɲ d̪ɔ ɟɘɾuɽa.
সে অভিশাপ দেখেছিল।,He/she saw the curse.,unii̯ əsis ɲɛlkeda.
আমি খাবার খাব না।,I do not eat the food.,iɲ d̪ɔ ɟɔmaʔ bɘɲ ɟɔma.
আজ সে ভাষা লিখে নদীতে যাবে।,"Today, he/she write the language and then go to the river.",t̪eheɲɾɛ uni pɘɾsi ɔlɔʔkat̪ɛ gaɖaɾɛ calaʔa.
তোমার কষ্ট গুরুত্বপূর্ণ।,Your distress is important.,amaʔ alad͡ʒʰala d̪ɔ ɟɘɾuɽa.
তুমি ভাষা বলেছিলে।,You spoke the language.,amɛm pɘɾsi ɾɔɽkeda.
আমরা মধু খেয়েছিলাম।,We ate the honey.,alɛlɛ ɲɛlɛɾasa ɟɔmkeda.
আমরা মাছ বিক্রি করব না।,We do not sell the fish.,alɛ d̪ɔ haku balɛ ɘkʰɾiɲa.
আমি দুধ পান করব না।,I do not drink the milk.,iɲ d̪ɔ t̪o̯͡a bɘɲ ɲua.
বাসস্থানে একটি স্কুল আছে।,There is a school in the residence.,basaɾɛ iskul menaa.
তোমরা খাবার ও মাছ খাবে।,You all will eat the food and the fish.,apɛ d̪ɔ ɟɔmaʔ aɾ haku ɟɔma.
বাসস্থানে একটি কষ্ট আছে।,There is a distress in the dwelling place.,basɾɛ alad͡ʒʰala menaa.
গতকাল তোমরা দুধ পান করে নদীতে কাজ করবে।,"Yesterday, you all drink the milk and then work in the river.",hɔlaɾɛ apɛ t̪o̯͡a ɲukat̪ɛ gaɖaɾɛ kɘmia.
তারা কথা বলেছে।,They have spoken the word.,oŋko d̪ɔ kat̪ʰa ɾɔɽakada.
লজ্জাটি নতুন।,The shame is new.,bʰɔɾɔm d̪ɔ nɔwaa.
আমরা রান্না ও খাবার খাব।,We will eat the cooked food and the food.,alɛ d̪ɔ basaŋ aɾ ɟɔmaʔ ɟɔma.
গুহাে একটি টাকা আছে।,There is a money in the cave.,bʰugək̕ɾɛ ʈaka menaa.
আমি বাঁধ দেখেছি।,I have seen the embankment.,iɲ d̪ɔ band ɲɛlakada.
সেই সময় আমি ঘড়ি কিনে স্কুলে কাজ করব।,"At that time, I buy the watch and then work in the school.",ɔkt̪ɛɾɛ iɲ gʰuɽi kiɾiɲkat̪ɛ iskulɾɛ kɘmia.
ভাইটি ভালো।,The brother is good.,bɔ͡i̯ha d̪ɔ mɔ̃ɟa.
তোমার বাবা আনন্দের।,Your father is happy.,amaʔ baba d̪ɔ ɾɘskɘa.
আমরা ভাষা বলব না।,We do not speak the language.,alɛ d̪ɔ pɘɾsi balɛ ɾɔɽa.
বিস্তীর্ণ ভূমিে একটি পশুপাখির ডাক আছে।,There is a cry of beasts & c in the wide expanse of land.,bilənɾɛ aɳɖɾac̕ ɔɳɖɾɔc̕ menaa.
তোমার খাবার পরিষ্কার।,Your food is clean.,amaʔ ɟɔmaʔ d̪ɔ sapʰaa.
সে এখন কী করবে?,What will he/she do now?,nit̪ʔ cɛʔi̯ ceka ja.
সেই সময় তুমি ডিমের কুসুম দেখে নদীতে যাবে।,"At that time, you see the yolk of egg and then go to the river.",ɔkt̪ɛɾɛ am bele botke ɲɛlkat̪ɛ gaɖaɾɛ calaʔa.
শহরে একটি প্রাচুর্য আছে।,There is an abundance in the town.,sɔhɔɽɾɛ at͡ʃel pat͡ʃel menaa.
তুমি ডাক্তার সাহায্য করেছ।,You have helped the doctor.,am d̪ɔ ɖak̚t̪aɾ gɔɽɔakada.
তোমরা মোবাইল ফোন কিনবে।,You all will buy the mobile phone.,apɛ d̪ɔ mɔbaĭl pʰon kiɾiɲa.
শিশুটি ছোট।,The child is small.,gid̪ɾɘ d̪ɔ lɘʈua.
"তারা মাছ কিনবে, কিন্তু ঔষধ কিনবে না।","They will buy the fish, but do not buy the medicine.",oŋko d̪ɔ haku kiɾiɲa mɛnkʰan ɾan bako kiɾiɲa.
দয়া করে গ্রামে বসো।,Please sit in the village.,d̪a.ja kat̪ɛ at̪oɾɛ d̪uɽup̚ʔmɛ.
সেই সময় তুমি রান্না খেয়ে হ্রদে খেলবে।,"At that time, you eat the cooked food and then play in the lake.",ɔkt̪ɛɾɛ am basaŋ ɟɔmkat̪ɛ ɟɔlaɾɛ gat̪ea.
দয়া করে গ্রামে যাও।,Please go to the village.,d̪a.ja kat̪ɛ at̪oɾɛ calaʔmɛ.
আমি রান্না খাব।,I will eat the cooked food.,iɲ d̪ɔ basaŋ ɟɔma.
গুড়গুড় শব্দটি নতুন।,The rumbling sound is new.,aʈap̕ uʈup̕ d̪ɔ nɔwaa.
আজ তুমি পাঠ পড়ে বাড়িতে আসবে।,"Today, you study the lesson and then come to the house.",t̪eheɲɾɛ am sikʰnɘt̪ paɽha͡o̯kat̪ɛ ɔɽaʔɾɛ hiɟuʔa.
মহাপ্লাবনটি নতুন।,The deluge is new.,bajaban d̪ɔ nɔwaa.
তারা যাচ্ছে।,They are going.,oŋkoko calaʔɛd̪a.
আমরা ভাষা বলেছিলাম।,We spoke the language.,alɛlɛ pɘɾsi ɾɔɽkeda.
তারা ভাষা পড়বে।,They will study the language.,oŋko d̪ɔ pɘɾsi paɽha͡o̯a.
গতকাল আমরা রান্না খেয়ে শহরে আসব।,"Yesterday, we eat the cooked food and then come to the town.",hɔlaɾɛ alɛ basaŋ ɟɔmkat̪ɛ sɔhɔɽɾɛ hiɟuʔa.
তার পা গুরুত্বপূর্ণ।,His/her foot is important.,uniaʔ kaʈa d̪ɔ ɟɘɾuɽa.
তোমরা ডাক্তার সাহায্য করবে।,You all will help the doctor.,apɛ d̪ɔ ɖak̚t̪aɾ gɔɽɔa.
মুহূর্তটি ভালো।,The moment is good.,abʰeɽ d̪ɔ mɔ̃ɟa.
মোবাইল ফোনটি গুরুত্বপূর্ণ।,The mobile phone is important.,mɔbaĭl pʰon d̪ɔ ɟɘɾuɽa.
তোমরা মারা যাচ্ছ।,You all are dying.,apɛpɛ gɔc̚ʔɛd̪a.
আমাদের কাজ গুরুত্বপূর্ণ।,Our work is important.,alɛaʔ kɘmi d̪ɔ ɟɘɾuɽa.
তুমি খাবার পেয়েছিলে।,You got the food.,amɛm ɟɔmaʔ ɲamkeda.
তারা দুধ পান করবে না।,They do not drink the milk.,oŋko d̪ɔ t̪o̯͡a bako ɲua.
পাড়াে একটি পা আছে।,There is a foot in the neighbourhood.,aɖe paseɾɛ kaʈa menaa.
তারা পাচ্ছে।,They are getting.,oŋkoko ɲamɛd̪a.
আমি ফোঁপানি দেখব না।,I do not see the blubbering.,iɲ d̪ɔ beɲ bɘɲ ɲɛla.
তারা খাবার ও রান্না খাবে।,They will eat the food and the cooked food.,oŋko d̪ɔ ɟɔmaʔ aɾ basaŋ ɟɔma.
সে জিহ্বা দেখেছিল।,He/she saw the tongue.,unii̯ alaŋ ɲɛlkeda.
একটি ঔষধ স্কুলে আছে।,One medicine is in the school.,mit̪ʔ ɾan d̪ɔ iskulɾɛ menaa.
সে উল দেখবে।,He/she will see the wool.,uni d̪ɔ bʰiɖi up̕ ɲɛla.
আজ সে কথা লিখে বাড়িতে খেলবে।,"Today, he/she write the word and then play in the house.",t̪eheɲɾɛ uni kat̪ʰa ɔlɔʔkat̪ɛ ɔɽaʔɾɛ gat̪ea.
গ্রামে একটি কাজ আছে।,There is a work in the village.,at̪oɾɛ kɘmi menaa.
আমরা খাবার কিনেছিলাম।,We bought the food.,alɛlɛ ɟɔmaʔ kiɾiɲkeda.
তোমরা রান্না খেয়েছিলে।,You all ate the cooked food.,apɛpɛ basaŋ ɟɔmkeda.
আমি ভাষা লিখেছিলাম।,I wrote the language.,iɲiɲ pɘɾsi ɔlɔʔkeda.
তোমরা মূল্যায়ন ও ডালিম দেখবে।,You all will see the appraisement and the pomegranate.,apɛ d̪ɔ anman aɾ anaɾ ɲɛla.
তারা মাছ বিক্রি করবে না।,They do not sell the fish.,oŋko d̪ɔ haku bako ɘkʰɾiɲa.
একটি নবজাতক শহরে আছে।,One infant is in the town.,mit̪ʔʈɛn balɛ d̪ɔ sɔhɔɽɾɛ menaa.
বাসস্থানে একটি রোগ আছে।,There is an illness in the dwelling place.,basɾɛ ɾu̯͡ɘ menaa.
আমি আসছি।,I am coming.,iɲiɲ hiɟuʔɛd̪a.
নেতাটি নতুন।,The leader is new.,aglaha d̪ɔ nɔwaa.
আমি ডাক্তার সাহায্য করেছিলাম।,I helped the doctor.,iɲiɲ ɖak̚t̪aɾ gɔɽɔkeda.
আমার ঘড়ি পরিষ্কার।,My watch is clean.,iɲaʔ gʰuɽi d̪ɔ sapʰaa.
তোমার পানি সুস্বাদু।,Your water is tasty.,amaʔ d̪aʔ d̪ɔ sibila.
তার শহর গুরুত্বপূর্ণ।,His/her town is important.,uniaʔ sɔhɔɽ d̪ɔ ɟɘɾuɽa.
তুমি মাছ বিক্রি করেছ।,You have sold the fish.,am d̪ɔ haku ɘkʰɾiɲakada.
বাসিন্দাটি ছোট।,The inhabitant is small.,baskitiə̯ d̪ɔ lɘʈua.
তোমরা সাহায্য করছ।,You all are helping.,apɛpɛ gɔɽɔɛd̪a.
তুমি কথা বলবে।,You will speak the word.,am d̪ɔ kat̪ʰa ɾɔɽa.
তুমি যাচ্ছ।,You is going.,amɛm calaʔɛd̪a.
তারা খাবার পাবে।,They will get the food.,oŋko d̪ɔ ɟɔmaʔ ɲama.
আমাদের পশু তাড়ানোর লাঠি পরিষ্কার।,Our goad is clean.,alɛaʔ aɾd͡ʒan d̪ɔ sapʰaa.
তুমি খাবার ও মাছ খাবে।,You will eat the food and the fish.,am d̪ɔ ɟɔmaʔ aɾ haku ɟɔma.
একটি ভিক্ষুক শহরে আছে।,One beggar is in the town.,mit̪ʔʈɛn bʰikʰəɾi d̪ɔ sɔhɔɽɾɛ menaa.
আমি ভাষা বলব।,I will speak the language.,iɲ d̪ɔ pɘɾsi ɾɔɽa.
তুমি ঘড়ি ও ঔষধ কিনবে।,You will buy the watch and the medicine.,am d̪ɔ gʰuɽi aɾ ɾan kiɾiɲa.
আমরা ঔষধ পাব।,We will get the medicine.,alɛ d̪ɔ ɾan ɲama.
তাদের মধু ভালো।,Their honey is good.,oŋkoaʔ ɲɛlɛɾasa d̪ɔ mɔ̃ɟa.
কিশোরটি পরিষ্কার।,The lad is clean.,bat͡ʃʰɽa d̪ɔ sapʰaa.
তোমরা খাবার কিনবে।,You all will buy the food.,apɛ d̪ɔ ɟɔmaʔ kiɾiɲa.
সকালে আমরা ভাষা পড়ে স্কুলে যাব।,"In the morning, we study the language and then go to the school.",sɛt̪aʔɾɛ alɛ pɘɾsi paɽha͡o̯kat̪ɛ iskulɾɛ calaʔa.
তারা মোবাইল ফোন বিক্রি করবে না।,They do not sell the mobile phone.,oŋko d̪ɔ mɔbaĭl pʰon bako ɘkʰɾiɲa.
তাদের পূর্বপুরুষ গুরুত্বপূর্ণ।,Their patriarch is important.,oŋkoaʔ əgil hapɽam d̪ɔ ɟɘɾuɽa.
আজ আমরা রান্না খেয়ে কুয়ায় যাব।,"Today, we eat the cooked food and then go to the well.",t̪eheɲɾɛ alɛ basaŋ ɟɔmkat̪ɛ kuɲɾɛ calaʔa.
দয়া করে মাছ খাও।,Please eat the fish.,d̪a.ja kat̪ɛ haku ɟɔmmɛ.
তারা রান্না খাবে না।,They do not eat the cooked food.,oŋko d̪ɔ basaŋ bako ɟɔma.
আমি ছবি পেয়েছিলাম।,I got the photo.,iɲiɲ pʰɔʈɔ ɲamkeda.
আমরা পাচ্ছি।,We are getting.,alɛlɛ ɲamɛd̪a.
তোমাদের বাজি ভালো।,Your bet is good.,apɛaʔ bəɾd͡ʒid d̪ɔ mɔ̃ɟa.
সে মা সাহায্য করবে।,He/she will help the mother.,uni d̪ɔ gɔgɔ gɔɽɔa.
পাড়াে একটি প্রণয়ভঙ্গি আছে।,There is a coquetry in the neighbourhood.,aɖe paseɾɛ əngɾa menaa.
তোমরা খাচ্ছ।,You all are eating.,apɛpɛ ɟɔmɛd̪a.
উত্তরাধিকারটি ভালো।,The inheritance is good.,əi̯dəɾi d̪ɔ mɔ̃ɟa.
আজ তারা ঘড়ি কিনে কুয়ায় খেলবে।,"Today, they buy the watch and then play in the well.",t̪eheɲɾɛ oŋko gʰuɽi kiɾiɲkat̪ɛ kuɲɾɛ gat̪ea.
তোমরা ভাষা লিখেছ।,You all have written the language.,apɛ d̪ɔ pɘɾsi ɔlɔʔakada.
আদালতটি নতুন।,The court is new.,adalot d̪ɔ nɔwaa.
তোমরা রক্তমূত্র দেখবে।,You all will see the haematuria.,apɛ d̪ɔ aɾak̕ d͡ʒʰaɾ ɲɛla.
তোমার ঘড়ি গুরুত্বপূর্ণ।,Your watch is important.,amaʔ gʰuɽi d̪ɔ ɟɘɾuɽa.
সে ভাষা লিখেছিল।,He/she wrote the language.,unii̯ pɘɾsi ɔlɔʔkeda.
প্রতিবেশীটি গুরুত্বপূর্ণ।,The neighbours is important.,aɖepaseɾenko d̪ɔ ɟɘɾuɽa.
তোমরা মা সাহায্য করেছিলে।,You all helped the mother.,apɛpɛ gɔgɔ gɔɽɔkeda.
শহর কোথায় আছে?,Where is the town?,sɔhɔɽ d̪ɔ ɔkaɾɛ menaa.
তোমাদের পুঁজ নতুন।,Your pus is new.,apɛaʔ bele d̪ɔ nɔwaa.
আমাদের মজুরি নতুন।,Our wages is new.,alɛaʔ bən d̪ɔ nɔwaa.
তুমি ঘড়ি বিক্রি করবে।,You will sell the watch.,am d̪ɔ gʰuɽi ɘkʰɾiɲa.
তারা খাবার পেয়েছে।,They have gotten the food.,oŋko d̪ɔ ɟɔmaʔ ɲamakada.
তোমরা যাচ্ছ।,You all are going.,apɛpɛ calaʔɛd̪a.
উই পোকাটি ছোট।,The termite is small.,bʰuku d̪ɔ lɘʈua.
"তুমি ঘড়ি বিক্রি করবে, কিন্তু খাবার বিক্রি করবে না।","You will sell the watch, but do not sell the food.",am d̪ɔ gʰuɽi ɘkʰɾiɲa mɛnkʰan ɟɔmaʔ bam ɘkʰɾiɲa.
একটি ঔষধ কুয়ায় আছে।,One medicine is in the well.,mit̪ʔ ɾan d̪ɔ kuɲɾɛ menaa.
তোমাদের আয়না নতুন।,Your mirror is new.,apɛaʔ əɾsi d̪ɔ nɔwaa.
দয়া করে কুয়ায় অপেক্ষা করো।,Please wait in the well.,d̪a.ja kat̪ɛ kuɲɾɛ t̪ɘŋgimɛ.
তাদের ফুল গুরুত্বপূর্ণ।,Their flower is important.,oŋkoaʔ baha d̪ɔ ɟɘɾuɽa.
একটি বাঘ নদীতে আছে।,One tiger is in the river.,mit̪ʔʈɛn t̪ɘɾup̚ʔ d̪ɔ gaɖaɾɛ menaa.
আমরা দুধ পান করেছিলাম।,We drank the milk.,alɛlɛ t̪o̯͡a ɲukeda.
আমরা পানি পান করব না।,We do not drink the water.,alɛ d̪ɔ d̪aʔ balɛ ɲua.
অসম্মানটি গুরুত্বপূর্ণ।,The disrespect is important.,bɛmanɔt d̪ɔ ɟɘɾuɽa.
তোমাদের পা গুরুত্বপূর্ণ।,Your foot is important.,apɛaʔ kaʈa d̪ɔ ɟɘɾuɽa.
আমরা একমুঠো ও টকশাক দেখব।,We will see the handful and the sorel.,alɛ d̪ɔ aɲd͡ʒle aɾ aɾak̕ kudɾum ɲɛla.
"তোমরা প্রণয়ন দেখবে, কিন্তু যন্ত্রপাতি দেখবে না।","You all will see the enactment, but do not see the appliance.",apɛ d̪ɔ ən ɲɛla mɛnkʰan bandʰec̕ bapɛ ɲɛla.
একটি শিশু শহরে আছে।,One child is in the town.,mit̪ʔʈɛn gid̪ɾɘ d̪ɔ sɔhɔɽɾɛ menaa.
বৈশাখ মাসটি পরিষ্কার।,The april-may is clean.,bəi̯sək d̪ɔ sapʰaa.
সকালে তুমি দুধ পান করে গ্রামে আসবে।,"In the morning, you drink the milk and then come to the village.",sɛt̪aʔɾɛ am t̪o̯͡a ɲukat̪ɛ at̪oɾɛ hiɟuʔa.
নদীতে একটি গান আছে।,There is a song in the river.,gaɖaɾɛ seɾeɲ menaa.
সে ঘড়ি বিক্রি করবে।,He/she will sell the watch.,uni d̪ɔ gʰuɽi ɘkʰɾiɲa.
স্কুলে একটি ভাষা আছে।,There is a language in the school.,iskulɾɛ pɘɾsi menaa.
আমি খাবার পাব।,I will get the food.,iɲ d̪ɔ ɟɔmaʔ ɲama.
মাটি ছোট।,The mother is small.,gɔgɔ d̪ɔ lɘʈua.
বাসস্থানে একটি খড় আছে।,There is a chaff in the residence.,basaɾɛ bʰusə menaa.
তারা ঘড়ি ও খাবার কিনবে।,They will buy the watch and the food.,oŋko d̪ɔ gʰuɽi aɾ ɟɔmaʔ kiɾiɲa.
তুমি আসছ।,You is coming.,amɛm hiɟuʔɛd̪a.
কোমরবন্ধটি পরিষ্কার।,The girth is clean.,beɽband d̪ɔ sapʰaa.
তারা ঘড়ি ও মোবাইল ফোন কিনবে।,They will buy the watch and the mobile phone.,oŋko d̪ɔ gʰuɽi aɾ mɔbaĭl pʰon kiɾiɲa.
গতকাল সে পাঠ পড়ে স্কুলে খেলবে।,"Yesterday, he/she study the lesson and then play in the school.",hɔlaɾɛ uni sikʰnɘt̪ paɽha͡o̯kat̪ɛ iskulɾɛ gat̪ea.
তোমরা খাবার খাবে না।,You all do not eat the food.,apɛ d̪ɔ ɟɔmaʔ bapɛ ɟɔma.
মধুটি পরিষ্কার।,The honey is clean.,ɲɛlɛɾasa d̪ɔ sapʰaa.
আত্মীয়টি নতুন।,The kindred is new.,əpus d̪ɔ nɔwaa.
তাদের পিঁপড়া ভালো।,Their ant is good.,oŋkoaʔ muc̚ʔ d̪ɔ mɔ̃ɟa.
তারা শব্দ করছে।,They are sounding.,oŋkoko ɾaːgɛd̪a.
গতকাল আমি দুধ পান করে নদীতে কাজ করব।,"Yesterday, I drink the milk and then work in the river.",hɔlaɾɛ iɲ t̪o̯͡a ɲukat̪ɛ gaɖaɾɛ kɘmia.
আমার মাছ ভালো।,My fish is good.,iɲaʔ haku d̪ɔ mɔ̃ɟa.
"সে খাবার খাবে, কিন্তু খাবার খাবে না।","He/she will eat the food, but does not eat the food.",uni d̪ɔ ɟɔmaʔ ɟɔma mɛnkʰan ɟɔmaʔ bai̯ ɟɔma.
আত্মীয়টি পরিষ্কার।,The kindred is clean.,əpus d̪ɔ sapʰaa.
কুয়ায় একটি বাঁধ আছে।,There is an embankment in the well.,kuɲɾɛ band menaa.
আজ তোমরা পাঠ পড়ে শহরে আসবে।,"Today, you all study the lesson and then come to the town.",t̪eheɲɾɛ apɛ sikʰnɘt̪ paɽha͡o̯kat̪ɛ sɔhɔɽɾɛ hiɟuʔa.
তোমরা হাত দেখেছিলে।,You all saw the hand.,apɛpɛ t̪i ɲɛlkeda.
শহরে একটি দুধ আছে।,There is a milk in the town.,sɔhɔɽɾɛ t̪o̯͡a menaa.
আমরা ঘড়ি কিনব।,We will buy the watch.,alɛ d̪ɔ gʰuɽi kiɾiɲa.
আমি পা দেখব না।,I do not see the foot.,iɲ d̪ɔ kaʈa bɘɲ ɲɛla.
গুহাে একটি শত্রু আছে।,There is an enemy in the cave.,bʰugək̕ɾɛ bəi̯ɾi menaa.
ফ্যাথমটি গুরুত্বপূর্ণ।,The fathom is important.,aɾpa d̪ɔ ɟɘɾuɽa.
তাদের ব্রাহ্মণ পরিষ্কার।,Their brahman is clean.,oŋkoaʔ babɾẽ d̪ɔ sapʰaa.
সে কথা পড়বে।,He/she will study the word.,uni d̪ɔ kat̪ʰa paɽha͡o̯a.
নদীতে একটি কথা আছে।,There is a word in the river.,gaɖaɾɛ kat̪ʰa menaa.
সকালে আমরা পানি পান করে কুয়ায় খেলব।,"In the morning, we drink the water and then play in the well.",sɛt̪aʔɾɛ alɛ d̪aʔ ɲukat̪ɛ kuɲɾɛ gat̪ea.
সকালে তারা ভাষা লিখে নদীতে খেলবে।,"In the morning, they write the language and then play in the river.",sɛt̪aʔɾɛ oŋko pɘɾsi ɔlɔʔkat̪ɛ gaɖaɾɛ gat̪ea.
তুমি কাজ করছ।,You is working.,amɛm kɘmiɛd̪a.
প্রণয়নটি ভালো।,The enactment is good.,ən d̪ɔ mɔ̃ɟa.
তারা এক ধরনের বাদ্যযন্ত্র ও মুক্তি দেখবে।,They will see the a kind of fiddle and the salvation.,oŋko d̪ɔ banam aɾ baɲt͡ʃao̯k̕ ɲɛla.
একটি বামন বাড়িতে আছে।,One dwarf is in the house.,mit̪ʔʈɛn bãoɽã d̪ɔ ɔɽaʔɾɛ menaa.
আজ সে পানি পান করে গ্রামে কাজ করবে।,"Today, he/she drink the water and then work in the village.",t̪eheɲɾɛ uni d̪aʔ ɲukat̪ɛ at̪oɾɛ kɘmia.
"আমরা মানুষ সাহায্য করব, কিন্তু বাবা সাহায্য করব না।","We will help the person, but do not help the father.",alɛ d̪ɔ hɔɽ gɔɽɔa mɛnkʰan baba balɛ gɔɽɔa.
বিস্তীর্ণ ভূমিে একটি আতশবাজি আছে।,There is a fireworks in the wide expanse of land.,bilənɾɛ bʰui̯t͡ʃampa menaa.
আমি এখন কী করবে?,What will I do now?,nit̪ʔ cɛʔiɲ ceka ja.
সকালে আমরা মোবাইল ফোন কিনে কুয়ায় কাজ করব।,"In the morning, we buy the mobile phone and then work in the well.",sɛt̪aʔɾɛ alɛ mɔbaĭl pʰon kiɾiɲkat̪ɛ kuɲɾɛ kɘmia.
আমার কুয়া গুরুত্বপূর্ণ।,My well is important.,iɲaʔ kuɲ d̪ɔ ɟɘɾuɽa.
"আমি মা সাহায্য করব, কিন্তু মা সাহায্য করব না।","I will help the mother, but do not help the mother.",iɲ d̪ɔ gɔgɔ gɔɽɔa mɛnkʰan gɔgɔ bɘɲ gɔɽɔa.
ডাক্তারটি ভালো।,The doctor is good.,ɖak̚t̪aɾ d̪ɔ mɔ̃ɟa.
বাসস্থানে একটি কুয়া আছে।,There is a well in the residence.,basaɾɛ kuɲ menaa.
তোমার শিশু ভালো।,Your child is good.,amaʔ gid̪ɾɘ d̪ɔ mɔ̃ɟa.
আমরা খেলছি।,We are playing.,alɛlɛ gat̪eɛd̪a.
সে ভাষা বলবে।,He/she will speak the language.,uni d̪ɔ pɘɾsi ɾɔɽa.
তারা খাবার পেয়েছিল।,They got the food.,oŋkoko ɟɔmaʔ ɲamkeda.
সে টাকা পাবে।,He/she will get the money.,uni d̪ɔ ʈaka ɲama.
হ্রদে একটি মানুষ আছে।,There is a person in the lake.,ɟɔlaɾɛ hɔɽ menaa.
তোমরা মানুষ সাহায্য করবে না।,You all do not help the person.,apɛ d̪ɔ hɔɽ bapɛ gɔɽɔa.
আমি খেলছি।,I am playing.,iɲiɲ gat̪eɛd̪a.
আমরা খাবার পেয়েছি।,We have gotten the food.,alɛ d̪ɔ ɟɔmaʔ ɲamakada.
"তারা খাবার পাবে, কিন্তু টাকা পাবে না।","They will get the food, but do not get the money.",oŋko d̪ɔ ɟɔmaʔ ɲama mɛnkʰan ʈaka bako ɲama.
উঠানে একটি অশান্তি আছে।,There is an unrest in the courtyard of house.,bəteɾɛ bɛtʰiɾ menaa.
সে দুধ ও পানি পান করবে।,He/she will drink the milk and the water.,uni d̪ɔ t̪o̯͡a aɾ d̪aʔ ɲua.
কুয়ায় একটি অর্জন আছে।,There is a gain in the well.,kuɲɾɛ ae̯ upəi̯ menaa.
সে কথা বলেছিল।,He/she spoke the word.,unii̯ kat̪ʰa ɾɔɽkeda.
"আমরা বেশ্যা দেখব, কিন্তু নেতিবাচক দেখব না।","We will see the harlot, but do not see the negative.",alɛ d̪ɔ bət͡ʃkəɾ ɲɛla mɛnkʰan baŋ balɛ ɲɛla.
আমার বাবা ভালো।,My father is good.,iɲaʔ baba d̪ɔ mɔ̃ɟa.
তুমি মা সাহায্য করবে না।,You do not help the mother.,am d̪ɔ gɔgɔ bam gɔɽɔa.
আজ তোমরা খাবার কিনে নদীতে খেলবে।,"Today, you all buy the food and then play in the river.",t̪eheɲɾɛ apɛ ɟɔmaʔ kiɾiɲkat̪ɛ gaɖaɾɛ gat̪ea.
দয়া করে দুধ পান করো।,Please drink the milk.,d̪a.ja kat̪ɛ t̪o̯͡a ɲumɛ.
আমরা আসছি।,We are coming.,alɛlɛ hiɟuʔɛd̪a.
নিকটবর্তী এলাকাে একটি অবশিষ্ট আছে।,There is a residue in the vicinity.,aɖe ʈolaɾɛ bəɖɾə menaa.
স্কুলে একটি ভাই আছে।,There is a brother in the school.,iskulɾɛ baɾet menaa.
আমি খিঁচুনি দেখব।,I will see the convulsions.,iɲ d̪ɔ ḅahiɾ bəi̯ ɲɛla.
তারা পাঠ পড়বে না।,They do not study the lesson.,oŋko d̪ɔ sikʰnɘt̪ bako paɽha͡o̯a.
তুমি মোবাইল ফোন বিক্রি করবে না।,You do not sell the mobile phone.,am d̪ɔ mɔbaĭl pʰon bam ɘkʰɾiɲa.
বাবাটি ছোট।,The father is small.,baba d̪ɔ lɘʈua.
আমি কাজ করছি।,I am working.,iɲiɲ kɘmiɛd̪a.
তোমরা অতিরিক্ত খাজনা দেখবে।,You all will see the additional assessment on rent.,apɛ d̪ɔ bʰed͡ʒa ɲɛla.
স্কুলটি গুরুত্বপূর্ণ।,The school is important.,iskul d̪ɔ ɟɘɾuɽa.
তাদের শহর নতুন।,Their town is new.,oŋkoaʔ sɔhɔɽ d̪ɔ nɔwaa.
পৈতৃক সম্পত্তিটি ভালো।,The paternal estate is good.,bapɔti dʰo d̪ɔ mɔ̃ɟa.
"আমি ঝুড়ি দেখব, কিন্তু দেওয়াল দেখব না।","I will see the basket, but do not see the wall.",iɲ d̪ɔ bʰad͡ʒan ɲɛla mɛnkʰan bʰit bɘɲ ɲɛla.
দয়া করে নদীতে বসো।,Please sit in the river.,d̪a.ja kat̪ɛ gaɖaɾɛ d̪uɽup̚ʔmɛ.
বামনটি ভালো।,The dwarf is good.,bãoɽã d̪ɔ mɔ̃ɟa.
গতকাল তোমরা দুধ পান করে হ্রদে কাজ করবে।,"Yesterday, you all drink the milk and then work in the lake.",hɔlaɾɛ apɛ t̪o̯͡a ɲukat̪ɛ ɟɔlaɾɛ kɘmia.
ফকিরটি পরিষ্কার।,The fakeer is clean.,babad͡ʒi d̪ɔ sapʰaa.
বাসস্থানে একটি উৎসব আছে।,There is a festival in the dwelling place.,basɾɛ pɔɾɔb menaa.
তার দাম পরিষ্কার।,His/her price is clean.,uniaʔ bʰao̯ d̪ɔ sapʰaa.
তার পা ভালো।,His/her leg is good.,uniaʔ ɟaŋga d̪ɔ mɔ̃ɟa.
তোমার রান্না পরিষ্কার।,Your cooked food is clean.,amaʔ basaŋ d̪ɔ sapʰaa.
তোমার দেওয়াল নতুন।,Your wall is new.,amaʔ bʰit d̪ɔ nɔwaa.
জাফরিটি গুরুত্বপূর্ণ।,The lattice work is important.,bata d̪ɔ ɟɘɾuɽa.
তারা পবিত্র সিন্দুক দেখেছে।,They have seen the ark of the covenant.,oŋko d̪ɔ ən sunduk ɲɛlakada.
তারা ভাষা বলবে না।,They do not speak the language.,oŋko d̪ɔ pɘɾsi bako ɾɔɽa.
তুমি খাবার খেয়েছ।,You have eaten the food.,am d̪ɔ ɟɔmaʔ ɟɔmakada.
তারা রান্না খেয়েছে।,They have eaten the cooked food.,oŋko d̪ɔ basaŋ ɟɔmakada.
পাটি ভালো।,The leg is good.,ɟaŋga d̪ɔ mɔ̃ɟa.
একটি মাছ হ্রদে আছে।,One fish is in the lake.,mit̪ʔ haku d̪ɔ ɟɔlaɾɛ menaa.
তুমি মারা যাচ্ছ।,You is dying.,amɛm gɔc̚ʔɛd̪a.
দয়া করে পানি পান করো।,Please drink the water.,d̪a.ja kat̪ɛ d̪aʔ ɲumɛ.
গুহাে একটি জীবন আছে।,There is a life in the cave.,bʰugək̕ɾɛ ɟiŋgi menaa.
তারা মা সাহায্য করেছে।,They have helped the mother.,oŋko d̪ɔ gɔgɔ gɔɽɔakada.
দয়া করে বাড়িতে যাও।,Please go to the house.,d̪a.ja kat̪ɛ ɔɽaʔɾɛ calaʔmɛ.
পাল (নৌকার)টি পরিষ্কার।,The sail is clean.,baɖɔm d̪ɔ sapʰaa.
আমি ভাষা পড়েছি।,I have studied the language.,iɲ d̪ɔ pɘɾsi paɽha͡o̯akada.
তারা ভাষা বলবে।,They will speak the language.,oŋko d̪ɔ pɘɾsi ɾɔɽa.
"তুমি খাবার পাবে, কিন্তু ছবি পাবে না।","You will get the food, but do not get the photo.",am d̪ɔ ɟɔmaʔ ɲama mɛnkʰan pʰɔʈɔ bam ɲama.
তারা মারা যাচ্ছে।,They are dying.,oŋkoko gɔc̚ʔɛd̪a.
আমি খাবার বিক্রি করব না।,I do not sell the food.,iɲ d̪ɔ ɟɔmaʔ bɘɲ ɘkʰɾiɲa.
একটি ভাগ্নী হ্রদে আছে।,One niece is in the lake.,mit̪ʔʈɛn bʰət͡ʃə d̪ɔ ɟɔlaɾɛ menaa.
একটি উত্তরাধিকার শহরে আছে।,One heritage is in the town.,mit̪ʔʈɛn bapɔti dʰɔn d̪ɔ sɔhɔɽɾɛ menaa.
তোমরা কথা বলবে।,You all will speak the word.,apɛ d̪ɔ kat̪ʰa ɾɔɽa.
তুমি দুধ পান করবে না।,You do not drink the milk.,am d̪ɔ t̪o̯͡a bam ɲua.
আমরা কেমন আছে?,How are we?,cɛt̪ʔlɛka menlɛa.
আমার ঔষধ নতুন।,My medicine is new.,iɲaʔ ɾan d̪ɔ nɔwaa.
নদীতে একটি সময় আছে।,There is a time in the river.,gaɖaɾɛ ɔkt̪ɛ menaa.
আমি দুধ পান করেছি।,I have drunk the milk.,iɲ d̪ɔ t̪o̯͡a ɲuakada.
শহরে একটি আদালত আছে।,There is a court in the town.,sɔhɔɽɾɛ adalot menaa.
আমরা ডাক্তার সাহায্য করব না।,We do not help the doctor.,alɛ d̪ɔ ɖak̚t̪aɾ balɛ gɔɽɔa.
"আমি ভাষা বলব, কিন্তু ভাষা বলব না।","I will speak the language, but do not speak the language.",iɲ d̪ɔ pɘɾsi ɾɔɽa mɛnkʰan pɘɾsi bɘɲ ɾɔɽa.
একটি উত্তরাধিকার বাড়িতে আছে।,One heritage is in the house.,mit̪ʔʈɛn bapɔti dʰɔn d̪ɔ ɔɽaʔɾɛ menaa.
"সে ভাষা লিখবে, কিন্তু ভাষা লিখবে না।","He/she will write the language, but does not write the language.",uni d̪ɔ pɘɾsi ɔlɔʔa mɛnkʰan pɘɾsi bai̯ ɔlɔʔa.
তাদের মা আনন্দের।,Their mother is happy.,oŋkoaʔ gɔgɔ d̪ɔ ɾɘskɘa.
তারা পানি পান করবে।,They will drink the water.,oŋko d̪ɔ d̪aʔ ɲua.
ইংল্যান্ডে একটি খাবারের অবশিষ্ট আছে।,There is a leftover food in the england.,bilətɾɛ əi̯ʈʰə menaa.
তুমি কথা পড়েছিলে।,You studied the word.,amɛm kat̪ʰa paɽha͡o̯keda.
তোমরা খাবার পাবে।,You all will get the food.,apɛ d̪ɔ ɟɔmaʔ ɲama.
সেই সময় আমরা অনুরোধ দেখে স্কুলে কাজ করব।,"At that time, we see the request and then work in the school.",ɔkt̪ɛɾɛ alɛ aɾd͡ʒa əɾd͡ʒi ɲɛlkat̪ɛ iskulɾɛ kɘmia.
সে কথা বলবে।,He/she will speak the word.,uni d̪ɔ kat̪ʰa ɾɔɽa.
আমার গ্রাম ভালো।,My village is good.,iɲaʔ at̪o d̪ɔ mɔ̃ɟa.
গতকাল আমরা মধু খেয়ে বাড়িতে কাজ করব।,"Yesterday, we eat the honey and then work in the house.",hɔlaɾɛ alɛ ɲɛlɛɾasa ɟɔmkat̪ɛ ɔɽaʔɾɛ kɘmia.
আমরা খাবার বিক্রি করেছিলাম।,We sold the food.,alɛlɛ ɟɔmaʔ ɘkʰɾiɲkeda.
হ্রদটি গুরুত্বপূর্ণ।,The lake is important.,ɟɔla d̪ɔ ɟɘɾuɽa.
আমি আদিবাসী দেখব না।,I do not see the aborigines.,iɲ d̪ɔ bəu̯ɾi bɘɲ ɲɛla.
আমার পানি পরিষ্কার।,My water is clean.,iɲaʔ d̪aʔ d̪ɔ sapʰaa.
তার স্ত্রী আনন্দের।,His/her wife is happy.,uniaʔ bəhu d̪ɔ ɾɘskɘa.
"আমরা ভাষা বলব, কিন্তু ভাষা বলব না।","We will speak the language, but do not speak the language.",alɛ d̪ɔ pɘɾsi ɾɔɽa mɛnkʰan pɘɾsi balɛ ɾɔɽa.
তুমি ভাষা লিখেছিলে।,You wrote the language.,amɛm pɘɾsi ɔlɔʔkeda.
তুমি মাছ কিনবে না।,You do not buy the fish.,am d̪ɔ haku bam kiɾiɲa.
আজ তারা মোবাইল ফোন কিনে স্কুলে আসবে।,"Today, they buy the mobile phone and then come to the school.",t̪eheɲɾɛ oŋko mɔbaĭl pʰon kiɾiɲkat̪ɛ iskulɾɛ hiɟuʔa.
সে মাছ খাবে না।,He/she does not eat the fish.,uni d̪ɔ haku bai̯ ɟɔma.
আমাদের টাকা নতুন।,Our money is new.,alɛaʔ ʈaka d̪ɔ nɔwaa.
তাদের ঘড়ি গুরুত্বপূর্ণ।,Their watch is important.,oŋkoaʔ gʰuɽi d̪ɔ ɟɘɾuɽa.
হ্রদে একটি কুমড়ো আছে।,There is a pumpkin in the lake.,ɟɔlaɾɛ bə̃ɽĩə kohɳɖa menaa.
সেই সময় আমরা ভাষা লিখে শহরে আসব।,"At that time, we write the language and then come to the town.",ɔkt̪ɛɾɛ alɛ pɘɾsi ɔlɔʔkat̪ɛ sɔhɔɽɾɛ hiɟuʔa.
সে খেলছে।,He/she is playing.,unii̯ gat̪eɛd̪a.
তারা মানুষ সাহায্য করবে না।,They do not help the person.,oŋko d̪ɔ hɔɽ bako gɔɽɔa.
"আমরা খাবার বিক্রি করব, কিন্তু ঘড়ি বিক্রি করব না।","We will sell the food, but do not sell the watch.",alɛ d̪ɔ ɟɔmaʔ ɘkʰɾiɲa mɛnkʰan gʰuɽi balɛ ɘkʰɾiɲa.
আমি লক্ষ্যবস্তু দেখব।,I will see the target.,iɲ d̪ɔ bed͡ʒʰa ɲɛla.
তারা বলছে।,They are speaking.,oŋkoko ɾɔɽɛd̪a.
তোমরা মাছ ও ঘড়ি কিনবে।,You all will buy the fish and the watch.,apɛ d̪ɔ haku aɾ gʰuɽi kiɾiɲa.
তারা ডাক্তার সাহায্য করবে না।,They do not help the doctor.,oŋko d̪ɔ ɖak̚t̪aɾ bako gɔɽɔa.
আমরা দুধ পান করব।,We will drink the milk.,alɛ d̪ɔ t̪o̯͡a ɲua.
বাড়িতে একটি ভূত আছে।,There is an apparition in the house.,ɔɽaʔɾɛ bʰeo̯na menaa.
আজ আমরা মাছ খেয়ে হ্রদে যাব।,"Today, we eat the fish and then go to the lake.",t̪eheɲɾɛ alɛ haku ɟɔmkat̪ɛ ɟɔlaɾɛ calaʔa.
বাসস্থানে একটি রান্না আছে।,There is a cooked food in the dwelling place.,basɾɛ basaŋ menaa.
তারা ঔষধ কিনবে।,They will buy the medicine.,oŋko d̪ɔ ɾan kiɾiɲa.
তারা মধু খেয়েছে।,They have eaten the honey.,oŋko d̪ɔ ɲɛlɛɾasa ɟɔmakada.
আমাদের ভণ্ড আনন্দের।,Our pretender is happy.,alɛaʔ bʰiduk d̪ɔ ɾɘskɘa.
শহরে একটি বাড়ি আছে।,There is a house in the town.,sɔhɔɽɾɛ ɔɽaʔ menaa.
আমি মোবাইল ফোন বিক্রি করব।,I will sell the mobile phone.,iɲ d̪ɔ mɔbaĭl pʰon ɘkʰɾiɲa.
আমি পাঠ পড়েছি।,I have studied the lesson.,iɲ d̪ɔ sikʰnɘt̪ paɽha͡o̯akada.
আস্থাটি পরিষ্কার।,The confidence is clean.,baɾsa d̪ɔ sapʰaa.
সেই সময় তারা দুধ পান করে হ্রদে খেলবে।,"At that time, they drink the milk and then play in the lake.",ɔkt̪ɛɾɛ oŋko t̪o̯͡a ɲukat̪ɛ ɟɔlaɾɛ gat̪ea.
আমাদের ভূমিকম্প ভালো।,Our earthquake is good.,alɛaʔ bʰut͡ʃampa d̪ɔ mɔ̃ɟa.
তোমরা কথা পড়বে না।,You all do not study the word.,apɛ d̪ɔ kat̪ʰa bapɛ paɽha͡o̯a.
ছাগলের বিষ্ঠাটি ছোট।,The goat's dropping is small.,bʰelə̃uɳɖi d̪ɔ lɘʈua.
তোমাদের বাঘ ভালো।,Your tiger is good.,apɛaʔ t̪ɘɾup̚ʔ d̪ɔ mɔ̃ɟa.
ব্যাঙের ডাকটি পরিষ্কার।,The croak of frogs is clean.,bɛbɛ d̪ɔ sapʰaa.
তুমি মাছ ও খাবার খাবে।,You will eat the fish and the food.,am d̪ɔ haku aɾ ɟɔmaʔ ɟɔma.
তার শিশু ভালো।,His/her child is good.,uniaʔ gid̪ɾɘ d̪ɔ mɔ̃ɟa.
তারা কথা লিখেছিল।,They wrote the word.,oŋkoko kat̪ʰa ɔlɔʔkeda.
একটি প্রজন্ম বাড়িতে আছে।,One generation is in the house.,mit̪ʔʈɛn bibɔɾɔn d̪ɔ ɔɽaʔɾɛ menaa.
তোমরা অপেক্ষা করছ।,You all are waiting.,apɛpɛ t̪ɘŋgiɛd̪a.
আমরা কথা লিখেছিলাম।,We wrote the word.,alɛlɛ kat̪ʰa ɔlɔʔkeda.
তাদের শহর পরিষ্কার।,Their town is clean.,oŋkoaʔ sɔhɔɽ d̪ɔ sapʰaa.
আমি ঘড়ি বিক্রি করেছিলাম।,I sold the watch.,iɲiɲ gʰuɽi ɘkʰɾiɲkeda.
তুমি কিশোর দেখবে না।,You do not see the lad.,am d̪ɔ bat͡ʃʰɽa bam ɲɛla.
তোমরা বনরুই দেখেছ।,You all have seen the ant-eater.,apɛ d̪ɔ aɾba ɲɛlakada.
সেই সময় তুমি ভাষা লিখে গ্রামে আসবে।,"At that time, you write the language and then come to the village.",ɔkt̪ɛɾɛ am pɘɾsi ɔlɔʔkat̪ɛ at̪oɾɛ hiɟuʔa.
আমার ঝড়বৃষ্টি নতুন।,My storm of wind & rain is new.,iɲaʔ əndʰi dak̕ d̪ɔ nɔwaa.
তুমি ভাষা লিখেছ।,You have written the language.,am d̪ɔ pɘɾsi ɔlɔʔakada.
তোমাদের ফুলের বৃতি পরিষ্কার।,Your calyx of flower is clean.,apɛaʔ bɛnɛt d̪ɔ sapʰaa.
তোমরা খাবার বিক্রি করবে না।,You all do not sell the food.,apɛ d̪ɔ ɟɔmaʔ bapɛ ɘkʰɾiɲa.
তুমি খাবার ও মাছ কিনবে।,You will buy the food and the fish.,am d̪ɔ ɟɔmaʔ aɾ haku kiɾiɲa.
তারা দুধ পান করেছিল।,They drank the milk.,oŋkoko t̪o̯͡a ɲukeda.
তুমি ডাক্তার সাহায্য করবে।,You will help the doctor.,am d̪ɔ ɖak̚t̪aɾ gɔɽɔa.
স্কুলে একটি মোবাইল ফোন আছে।,There is a mobile phone in the school.,iskulɾɛ mɔbaĭl pʰon menaa.
নদীতে একটি অবসর আছে।,There is a leisure in the river.,gaɖaɾɛ apʰsoɾ menaa.
বাসস্থানে একটি কাজ আছে।,There is a work in the dwelling place.,basɾɛ kɘmi menaa.
সেই সময় তোমরা খাবার খেয়ে হ্রদে আসবে।,"At that time, you all eat the food and then come to the lake.",ɔkt̪ɛɾɛ apɛ ɟɔmaʔ ɟɔmkat̪ɛ ɟɔlaɾɛ hiɟuʔa.
"আমরা খাবার বিক্রি করব, কিন্তু মাছ বিক্রি করব না।","We will sell the food, but do not sell the fish.",alɛ d̪ɔ ɟɔmaʔ ɘkʰɾiɲa mɛnkʰan haku balɛ ɘkʰɾiɲa.
সে পাত্র দেখবে না।,He/she does not see the receptacle.,uni d̪ɔ anataŋ bai̯ ɲɛla.
তারা পাঠ পড়বে।,They will study the lesson.,oŋko d̪ɔ sikʰnɘt̪ paɽha͡o̯a.
বাসস্থানে একটি মধু আছে।,There is a honey in the residence.,basaɾɛ ɲɛlɛɾasa menaa.
সে ভাড়াটে কর্মী ও নেতিবাচক দেখবে।,He/she will see the hired worker and the negative.,uni d̪ɔ bənkəɾ aɾ baŋ ɲɛla.
তুমি ঘড়ি কিনবে।,You will buy the watch.,am d̪ɔ gʰuɽi kiɾiɲa.
তার খাবার পরিষ্কার।,His/her food is clean.,uniaʔ ɟɔmaʔ d̪ɔ sapʰaa.
তোমরা কালো ভাল্লুক ও বাদ পড়া দেখবে।,You all will see the black bear and the omission.,apɛ d̪ɔ bana aɾ bʰul t͡ʃuk ɲɛla.
পুকুরটি পরিষ্কার।,The pool is clean.,agʰoɾni d̪ɔ sapʰaa.
মা কোথায় আছে?,Where is the mother?,gɔgɔ d̪ɔ ɔkaɾɛ menaa.
তোমার উৎসব নতুন।,Your festival is new.,amaʔ pɔɾɔb d̪ɔ nɔwaa.
দয়া করে কথা লিখো।,Please write the word.,d̪a.ja kat̪ɛ kat̪ʰa ɔlɔʔmɛ.
সে বিশ দেখবে।,He/she will see the twenty.,uni d̪ɔ baɾ gɛl ɲɛla.
সে কথা লিখবে।,He/she will write the word.,uni d̪ɔ kat̪ʰa ɔlɔʔa.
"আমরা অভিযোগকারী দেখব, কিন্তু উই পোকা দেখব না।","We will see the accuser, but do not see the termite.",alɛ d̪ɔ bədi ɲɛla mɛnkʰan bʰuku balɛ ɲɛla.
একটি নবজাতক হ্রদে আছে।,One infant is in the lake.,mit̪ʔʈɛn balɛ d̪ɔ ɟɔlaɾɛ menaa.
তোমরা আসছ।,You all are coming.,apɛpɛ hiɟuʔɛd̪a.
তুমি পাঠ পড়বে।,You will study the lesson.,am d̪ɔ sikʰnɘt̪ paɽha͡o̯a.
ইংল্যান্ডে একটি শ্রমিক আছে।,There is a navvy in the england.,bilətɾɛ beldaɾ menaa.
হাত কোথায় আছে?,Where is the hand?,t̪i d̪ɔ ɔkaɾɛ menaa.
ইংল্যান্ডে একটি মা আছে।,There is a mother in the england.,bilətɾɛ gɔgɔ menaa.
পাড়াে একটি আদালত আছে।,There is a court in the neighbourhood.,aɖe paseɾɛ adalot menaa.
আমি রান্না ও মধু খাব।,I will eat the cooked food and the honey.,iɲ d̪ɔ basaŋ aɾ ɲɛlɛɾasa ɟɔma.
আমার ডাক্তার ভালো।,My doctor is good.,iɲaʔ ɖak̚t̪aɾ d̪ɔ mɔ̃ɟa.
আমরা খাবার ও মাছ কিনব।,We will buy the food and the fish.,alɛ d̪ɔ ɟɔmaʔ aɾ haku kiɾiɲa.
"সে মোবাইল ফোন কিনবে, কিন্তু মাছ কিনবে না।","He/she will buy the mobile phone, but does not buy the fish.",uni d̪ɔ mɔbaĭl pʰon kiɾiɲa mɛnkʰan haku bai̯ kiɾiɲa.
একটি ঘড়ি বাড়িতে আছে।,One watch is in the house.,mit̪ʔ gʰuɽi d̪ɔ ɔɽaʔɾɛ menaa.
মাফ (হাতঢাকা)টি গুরুত্বপূর্ণ।,The muff is important.,bembʰa d̪ɔ ɟɘɾuɽa.
বাসস্থানে একটি জট পাকানো আছে।,There is a jumble in the residence.,basaɾɛ beɲd͡ʒaɲ biɲd͡ʒiɲ menaa.
দয়া করে ভাষা পড়ো।,Please study the language.,d̪a.ja kat̪ɛ pɘɾsi paɽha͡o̯mɛ.
সেই সময় সে দম্ভ দেখে বাড়িতে খেলবে।,"At that time, he/she see the boasting and then play in the house.",ɔkt̪ɛɾɛ uni bakʰaɾa ɲɛlkat̪ɛ ɔɽaʔɾɛ gat̪ea.
আমরা মোবাইল ফোন বিক্রি করব।,We will sell the mobile phone.,alɛ d̪ɔ mɔbaĭl pʰon ɘkʰɾiɲa.
একটি রান্না হ্রদে আছে।,One cooked food is in the lake.,mit̪ʔ basaŋ d̪ɔ ɟɔlaɾɛ menaa.
"তারা কথা পড়বে, কিন্তু ভাষা পড়বে না।","They will study the word, but do not study the language.",oŋko d̪ɔ kat̪ʰa paɽha͡o̯a mɛnkʰan pɘɾsi bako paɽha͡o̯a.
আমরা বলছি।,We are speaking.,alɛlɛ ɾɔɽɛd̪a.
তারা পড়ছে।,They are studying.,oŋkoko paɽha͡o̯ɛd̪a.
উঠানে একটি ছাগলের বিষ্ঠা আছে।,There is a goat's dropping in the courtyard of house.,bəteɾɛ bʰelə̃uɳɖi menaa.
আমি ঔষধ ও মোবাইল ফোন কিনব।,I will buy the medicine and the mobile phone.,iɲ d̪ɔ ɾan aɾ mɔbaĭl pʰon kiɾiɲa.
"তোমরা একমুঠো দেখবে, কিন্তু সম্পদ দেখবে না।","You all will see the handful, but do not see the wealth.",apɛ d̪ɔ aɲd͡ʒle ɲɛla mɛnkʰan at͡ʃel bapɛ ɲɛla.
তুমি এক প্রজাতির হরিণ দেখেছিলে।,You saw the a species of antelope.,amɛm bʰãoʈia ɲɛlkeda.
উঠানে একটি আমড়া (ফল) আছে।,There is a hog plum in the courtyard of house.,bəteɾɛ bədʰiə̯ menaa.
আমরা পানি ও দুধ পান করব।,We will drink the water and the milk.,alɛ d̪ɔ d̪aʔ aɾ t̪o̯͡a ɲua.
উৎসবটি নতুন।,The festival is new.,pɔɾɔb d̪ɔ nɔwaa.
আমরা পাঠ পড়েছিলাম।,We studied the lesson.,alɛlɛ sikʰnɘt̪ paɽha͡o̯keda.
আমি কথা পড়েছিলাম।,I studied the word.,iɲiɲ kat̪ʰa paɽha͡o̯keda.
আমার ভাই ছোট।,My brother is small.,iɲaʔ bɔ͡i̯ha d̪ɔ lɘʈua.
"তুমি ভাষা বলবে, কিন্তু কথা বলবে না।","You will speak the language, but do not speak the word.",am d̪ɔ pɘɾsi ɾɔɽa mɛnkʰan kat̪ʰa bam ɾɔɽa.
তারা সাহায্য করছে।,They are helping.,oŋkoko gɔɽɔɛd̪a.
উৎসবটি ভালো।,The festival is good.,pɔɾɔb d̪ɔ mɔ̃ɟa.
নদীতে একটি মা আছে।,There is a mother in the river.,gaɖaɾɛ gɔgɔ menaa.
তারা খাবার খেয়েছিল।,They ate the food.,oŋkoko ɟɔmaʔ ɟɔmkeda.
তারা মোবাইল ফোন বিক্রি করেছিল।,They sold the mobile phone.,oŋkoko mɔbaĭl pʰon ɘkʰɾiɲkeda.
আমরা খাবার বিক্রি করব।,We will sell the food.,alɛ d̪ɔ ɟɔmaʔ ɘkʰɾiɲa.
তুমি মা সাহায্য করবে।,You will help the mother.,am d̪ɔ gɔgɔ gɔɽɔa.
সে মধু ও মাছ খাবে।,He/she will eat the honey and the fish.,uni d̪ɔ ɲɛlɛɾasa aɾ haku ɟɔma.
"তুমি পানি পান করবে, কিন্তু পানি পান করবে না।","You will drink the water, but do not drink the water.",am d̪ɔ d̪aʔ ɲua mɛnkʰan d̪aʔ bam ɲua.
তোমাদের ভাষা নতুন।,Your language is new.,apɛaʔ pɘɾsi d̪ɔ nɔwaa.
তারা গুড়গুড় শব্দ দেখবে।,They will see the rumbling sound.,oŋko d̪ɔ aʈap̕ uʈup̕ ɲɛla.
একটি মা কুয়ায় আছে।,One mother is in the well.,mit̪ʔʈɛn ajo d̪ɔ kuɲɾɛ menaa.
বিস্তীর্ণ ভূমিে একটি আমড়া আছে।,There is a hog plum in the wide expanse of land.,bilənɾɛ amɽa menaa.
"আমি ছবি পাব, কিন্তু খাবার পাব না।","I will get the photo, but do not get the food.",iɲ d̪ɔ pʰɔʈɔ ɲama mɛnkʰan ɟɔmaʔ bɘɲ ɲama.
আমরা রান্না খাব।,We will eat the cooked food.,alɛ d̪ɔ basaŋ ɟɔma.
তুমি খাচ্ছ।,You is eating.,amɛm ɟɔmɛd̪a.
বয়লারটি ভালো।,The boiler is good.,bʰəʈʰi d̪ɔ mɔ̃ɟa.
আমরা পাঠ পড়েছি।,We have studied the lesson.,alɛ d̪ɔ sikʰnɘt̪ paɽha͡o̯akada.
তোমরা পাঠ পড়েছিলে।,You all studied the lesson.,apɛpɛ sikʰnɘt̪ paɽha͡o̯keda.
তারা কথা পড়েছিল।,They studied the word.,oŋkoko kat̪ʰa paɽha͡o̯keda.
সে বাগান দেখেছিল।,He/she saw the garden.,unii̯ bagan ɲɛlkeda.
তার হাত পরিষ্কার।,His/her hand is clean.,uniaʔ t̪i d̪ɔ sapʰaa.
বাসস্থানে একটি ডাক্তার আছে।,There is a doctor in the dwelling place.,basɾɛ ɖak̚t̪aɾ menaa.
আঙুরটি পরিষ্কার।,The grape is clean.,aŋguɾ d̪ɔ sapʰaa.
তুমি মধু খেয়েছিলে।,You ate the honey.,amɛm ɲɛlɛɾasa ɟɔmkeda.
মাফ (হাতঢাকা)টি পরিষ্কার।,The muff is clean.,bembʰa d̪ɔ sapʰaa.
ভেড়ার বাচ্চাটি আনন্দের।,The lamb is happy.,bʰiɖi hɔpɔn d̪ɔ ɾɘskɘa.
একটি ভাই গ্রামে আছে।,One brother is in the village.,mit̪ʔʈɛn baɾet d̪ɔ at̪oɾɛ menaa.
আজ তোমরা কথা লিখে শহরে খেলবে।,"Today, you all write the word and then play in the town.",t̪eheɲɾɛ apɛ kat̪ʰa ɔlɔʔkat̪ɛ sɔhɔɽɾɛ gat̪ea.
আমি মধু খেয়েছি।,I have eaten the honey.,iɲ d̪ɔ ɲɛlɛɾasa ɟɔmakada.
তোমার গ্রাম গুরুত্বপূর্ণ।,Your village is important.,amaʔ at̪o d̪ɔ ɟɘɾuɽa.
তারা পানি পান করবে না।,They do not drink the water.,oŋko d̪ɔ d̪aʔ bako ɲua.
তোমরা বাবা সাহায্য করেছ।,You all have helped the father.,apɛ d̪ɔ baba gɔɽɔakada.
একটি ছবি কুয়ায় আছে।,One photo is in the well.,mit̪ʔ pʰɔʈɔ d̪ɔ kuɲɾɛ menaa.
বাসস্থানে একটি পেট ব্যথা আছে।,There is a gripes in the residence.,basaɾɛ bɛɾõʈ duk menaa.
আমরা অভ্যাস ও অশান্তি দেখব।,We will see the habit and the unrest.,alɛ d̪ɔ bʰəsi aɾ bɛtʰiɾ ɲɛla.
অংশীদারটি ভালো।,The partner is good.,bʰəgiə̯ɾi d̪ɔ mɔ̃ɟa.
হাতটি গুরুত্বপূর্ণ।,The hand is important.,t̪i d̪ɔ ɟɘɾuɽa.
আমরা পানি পান করব।,We will drink the water.,alɛ d̪ɔ d̪aʔ ɲua.
একটি টাকা গ্রামে আছে।,One money is in the village.,mit̪ʔ ʈaka d̪ɔ at̪oɾɛ menaa.
হ্রদটি নতুন।,The lake is new.,ɟɔla d̪ɔ nɔwaa.
আমি ঔষধ ও মাছ কিনব।,I will buy the medicine and the fish.,iɲ d̪ɔ ɾan aɾ haku kiɾiɲa.
তোমরা ঘড়ি ও মোবাইল ফোন কিনবে।,You all will buy the watch and the mobile phone.,apɛ d̪ɔ gʰuɽi aɾ mɔbaĭl pʰon kiɾiɲa.
সকালে সে ভাষা লিখে বাড়িতে যাবে।,"In the morning, he/she write the language and then go to the house.",sɛt̪aʔɾɛ uni pɘɾsi ɔlɔʔkat̪ɛ ɔɽaʔɾɛ calaʔa.
ছোট কুঠারটি গুরুত্বপূর্ণ।,The small adze is important.,bəslə d̪ɔ ɟɘɾuɽa.
তুমি মোবাইল ফোন ও ঘড়ি কিনবে।,You will buy the mobile phone and the watch.,am d̪ɔ mɔbaĭl pʰon aɾ gʰuɽi kiɾiɲa.
কাঠের খুঁটিটি পরিষ্কার।,The wooden pin is clean.,bʰaɲd͡ʒ kʰuɳʈi d̪ɔ sapʰaa.
বাবাটি আনন্দের।,The father is happy.,baba d̪ɔ ɾɘskɘa.
তুমি মধু খাবে না।,You do not eat the honey.,am d̪ɔ ɲɛlɛɾasa bam ɟɔma.
আমি ভাষা বলেছি।,I have spoken the language.,iɲ d̪ɔ pɘɾsi ɾɔɽakada.
একটি মোবাইল ফোন শহরে আছে।,One mobile phone is in the town.,mit̪ʔ mɔbaĭl pʰon d̪ɔ sɔhɔɽɾɛ menaa.
তোমরা মাছ বিক্রি করেছ।,You all have sold the fish.,apɛ d̪ɔ haku ɘkʰɾiɲakada.
গতকাল সে বেশ্যা দেখে হ্রদে যাবে।,"Yesterday, he/she see the harlot and then go to the lake.",hɔlaɾɛ uni bət͡ʃkəɾ ɲɛlkat̪ɛ ɟɔlaɾɛ calaʔa.
পাড়াে একটি টাকা আছে।,There is a money in the neighbourhood.,aɖe paseɾɛ ʈaka menaa.
সকালে আমি কথা লিখে হ্রদে যাব।,"In the morning, I write the word and then go to the lake.",sɛt̪aʔɾɛ iɲ kat̪ʰa ɔlɔʔkat̪ɛ ɟɔlaɾɛ calaʔa.
ইংল্যান্ডে একটি হ্রদ আছে।,There is a lake in the england.,bilətɾɛ ɟɔla menaa.
আজ আমি খাবার কিনে কুয়ায় কাজ করব।,"Today, I buy the food and then work in the well.",t̪eheɲɾɛ iɲ ɟɔmaʔ kiɾiɲkat̪ɛ kuɲɾɛ kɘmia.
চুক্তিটি গুরুত্বপূর্ণ।,The contract is important.,bandʰɔn d̪ɔ ɟɘɾuɽa.
তারা মা সাহায্য করেছিল।,They helped the mother.,oŋkoko gɔgɔ gɔɽɔkeda.
আমরা মোবাইল ফোন কিনেছি।,We have bought the mobile phone.,alɛ d̪ɔ mɔbaĭl pʰon kiɾiɲakada.
নিকটবর্তী এলাকাে একটি অভ্যাস আছে।,There is a habit in the vicinity.,aɖe ʈolaɾɛ bʰəsi menaa.
তুলার গাছটি ভালো।,The cotton plant is good.,bʰoga kaskɔm d̪ɔ mɔ̃ɟa.
বাড়িতে একটি আখড়া আছে।,There is a gathering in the house.,ɔɽaʔɾɛ akʰɾa menaa.
তোমরা বসছ।,You all are sitting.,apɛpɛ d̪uɽup̚ʔɛd̪a.
তোমাদের সময় নতুন।,Your time is new.,apɛaʔ ɔkt̪ɛ d̪ɔ nɔwaa.
একটি জারজ কুয়ায় আছে।,One bastard is in the well.,mit̪ʔʈɛn bidʰuə̯ d̪ɔ kuɲɾɛ menaa.
তুমি কথা বলবে না।,You do not speak the word.,am d̪ɔ kat̪ʰa bam ɾɔɽa.
তুমি ঘড়ি বিক্রি করেছিলে।,You sold the watch.,amɛm gʰuɽi ɘkʰɾiɲkeda.
দয়া করে শহরে আসো।,Please come to the town.,d̪a.ja kat̪ɛ sɔhɔɽɾɛ hiɟuʔmɛ.
তারা কসাই দেখবে।,They will see the butcher.,oŋko d̪ɔ bʰut͡ʃəɽ ɲɛla.
বিস্তীর্ণ ভূমিে একটি দুধ আছে।,There is a milk in the wide expanse of land.,bilənɾɛ t̪o̯͡a menaa.
তাদের আঙুর ভালো।,Their grape is good.,oŋkoaʔ aŋguɾ d̪ɔ mɔ̃ɟa.
আমাদের পিঁপড়া ছোট।,Our ant is small.,alɛaʔ muc̚ʔ d̪ɔ lɘʈua.
ভুলটি পরিষ্কার।,The blunder is clean.,bʰul d̪ɔ sapʰaa.
সে খাবার খেয়েছিল।,He/she ate the food.,unii̯ ɟɔmaʔ ɟɔmkeda.
তোমরা ভাষা পড়েছ।,You all have studied the language.,apɛ d̪ɔ pɘɾsi paɽha͡o̯akada.
অগ্রদূতটি ভালো।,The forerunner is good.,əguə̯daɾ d̪ɔ mɔ̃ɟa.
তারা ভাষা বলেছিল।,They spoke the language.,oŋkoko pɘɾsi ɾɔɽkeda.
পাটি ভালো।,The foot is good.,kaʈa d̪ɔ mɔ̃ɟa.
তোমার মা ছোট।,Your mother is small.,amaʔ gɔgɔ d̪ɔ lɘʈua.
মাটির জারটি নতুন।,The round jar is new.,bəhni d̪ɔ nɔwaa.
তুমি ওয়ারেন্ট দেখবে না।,You do not see the warrant.,am d̪ɔ aɾoɳʈ bam ɲɛla.
সময়টি গুরুত্বপূর্ণ।,The time is important.,ɔkt̪ɛ d̪ɔ ɟɘɾuɽa.
তোমার কর্তব্যচ্যুতি গুরুত্বপূর্ণ।,Your omission of duty is important.,amaʔ bʰisoɾ d̪ɔ ɟɘɾuɽa.
সকালে আমি ভাষা লিখে কুয়ায় খেলব।,"In the morning, I write the language and then play in the well.",sɛt̪aʔɾɛ iɲ pɘɾsi ɔlɔʔkat̪ɛ kuɲɾɛ gat̪ea.
কুয়ায় একটি বিনিময় আছে।,There is an exchange in the well.,kuɲɾɛ badla menaa.
নদীতে একটি কুয়া আছে।,There is a well in the river.,gaɖaɾɛ kuɲ menaa.
আমি কথা পড়ব না।,I do not study the word.,iɲ d̪ɔ kat̪ʰa bɘɲ paɽha͡o̯a.
কিশোরটি ছোট।,The hobbledehoy is small.,bat͡ʃʰɽa koɽa d̪ɔ lɘʈua.
সেই সময় তারা দুধ পান করে স্কুলে আসবে।,"At that time, they drink the milk and then come to the school.",ɔkt̪ɛɾɛ oŋko t̪o̯͡a ɲukat̪ɛ iskulɾɛ hiɟuʔa.
তার আখড়া ভালো।,His/her gathering is good.,uniaʔ akʰɾa d̪ɔ mɔ̃ɟa.
"তুমি কথা লিখবে, কিন্তু কথা লিখবে না।","You will write the word, but do not write the word.",am d̪ɔ kat̪ʰa ɔlɔʔa mɛnkʰan kat̪ʰa bam ɔlɔʔa.
সে ঘড়ি কিনবে।,He/she will buy the watch.,uni d̪ɔ gʰuɽi kiɾiɲa.
বাড়িটি পরিষ্কার।,The house is clean.,ɔɽaʔ d̪ɔ sapʰaa.
বাসস্থানে একটি অনুচিত আচরণ আছে।,There is an impropriety in the residence.,basaɾɛ baŋ ganok̕ak̕ menaa.
ঘামটি ভালো।,The perspiration is good.,balbal d̪ɔ mɔ̃ɟa.
বালিশটি ভালো।,The pillow is good.,bəlis d̪ɔ mɔ̃ɟa.
আমি অবসর ও আনারস দেখব।,I will see the leisure and the pineapple.,iɲ d̪ɔ apʰsoɾ aɾ ananas ɲɛla.
শক্তিটি ভালো।,The force is good.,ad͡ʒʰãʈ d̪ɔ mɔ̃ɟa.
"তুমি খাবার পাবে, কিন্তু ঔষধ পাবে না।","You will get the food, but do not get the medicine.",am d̪ɔ ɟɔmaʔ ɲama mɛnkʰan ɾan bam ɲama.
স্কুলে একটি লাগাম আছে।,There is a bridle in the school.,iskulɾɛ bag menaa.
আমি মারা যাচ্ছি।,I am dying.,iɲiɲ gɔc̚ʔɛd̪a.
তাদের গুজব রটনাকারী ভালো।,Their gossiping is good.,oŋkoaʔ bəd͡ʒniə̯ d̪ɔ mɔ̃ɟa.
একটি টাকা স্কুলে আছে।,One money is in the school.,mit̪ʔ ʈaka d̪ɔ iskulɾɛ menaa.
বকেয়াটি নতুন।,The arrears is new.,bəki d̪ɔ nɔwaa.
একটি পূর্বপুরুষ হ্রদে আছে।,One ancestors is in the lake.,mit̪ʔʈɛn bap dada d̪ɔ ɟɔlaɾɛ menaa.
তোমরা মা সাহায্য করবে না।,You all do not help the mother.,apɛ d̪ɔ gɔgɔ bapɛ gɔɽɔa.
ঝড়বৃষ্টিটি গুরুত্বপূর্ণ।,The storm of wind & rain is important.,əndʰi dak̕ d̪ɔ ɟɘɾuɽa.
তোমরা বাবা সাহায্য করবে।,You all will help the father.,apɛ d̪ɔ baba gɔɽɔa.
আজ আমরা ঘড়ি কিনে বাড়িতে আসব।,"Today, we buy the watch and then come to the house.",t̪eheɲɾɛ alɛ gʰuɽi kiɾiɲkat̪ɛ ɔɽaʔɾɛ hiɟuʔa.
একটি বাবা শহরে আছে।,One father is in the town.,mit̪ʔʈɛn baba d̪ɔ sɔhɔɽɾɛ menaa.
উঠানে একটি মশাল আছে।,There is a torch in the courtyard of house.,bəteɾɛ bambeɾ menaa.
তোমাদের প্রসবোত্তর নাড়ি নতুন।,Your afterbirth placenta is new.,apɛaʔ baha āowāɾ d̪ɔ nɔwaa.
তাদের মানুষ আনন্দের।,Their person is happy.,oŋkoaʔ hɔɽ d̪ɔ ɾɘskɘa.
তোমাদের ঘড়ি পরিষ্কার।,Your watch is clean.,apɛaʔ gʰuɽi d̪ɔ sapʰaa.
সে খাবার বিক্রি করবে না।,He/she does not sell the food.,uni d̪ɔ ɟɔmaʔ bai̯ ɘkʰɾiɲa.
সেই সময় সে পাঠ পড়ে হ্রদে খেলবে।,"At that time, he/she study the lesson and then play in the lake.",ɔkt̪ɛɾɛ uni sikʰnɘt̪ paɽha͡o̯kat̪ɛ ɟɔlaɾɛ gat̪ea.
তোমরা খাবার পেয়েছিলে।,You all got the food.,apɛpɛ ɟɔmaʔ ɲamkeda.
নদীতে একটি জীবন আছে।,There is a life in the river.,gaɖaɾɛ ɟiŋgi menaa.
দয়া করে কথা পড়ো।,Please study the word.,d̪a.ja kat̪ɛ kat̪ʰa paɽha͡o̯mɛ.
সে পানি ও দুধ পান করবে।,He/she will drink the water and the milk.,uni d̪ɔ d̪aʔ aɾ t̪o̯͡a ɲua.
তার পা গুরুত্বপূর্ণ।,His/her leg is important.,uniaʔ ɟaŋga d̪ɔ ɟɘɾuɽa.
তোমরা খেলছ।,You all are playing.,apɛpɛ gat̪eɛd̪a.
আমরা খাবার বিক্রি করব না।,We do not sell the food.,alɛ d̪ɔ ɟɔmaʔ balɛ ɘkʰɾiɲa.
জেলে কোথায় আছে?,Where is the fisherman?,ɟɘliɘ d̪ɔ ɔkaɾɛ menaa.
তুমি মোবাইল ফোন কিনবে।,You will buy the mobile phone.,am d̪ɔ mɔbaĭl pʰon kiɾiɲa.
একটি বোকা নদীতে আছে।,One fool is in the river.,mit̪ʔʈɛn bemblaha d̪ɔ gaɖaɾɛ menaa.
গতকাল তোমরা রান্না খেয়ে স্কুলে আসবে।,"Yesterday, you all eat the cooked food and then come to the school.",hɔlaɾɛ apɛ basaŋ ɟɔmkat̪ɛ iskulɾɛ hiɟuʔa.
জাদুবিদ্যাটি নতুন।,The sorcery is new.,ban d̪ɔ nɔwaa.
সেই সময় আমরা মাছ খেয়ে শহরে খেলব।,"At that time, we eat the fish and then play in the town.",ɔkt̪ɛɾɛ alɛ haku ɟɔmkat̪ɛ sɔhɔɽɾɛ gat̪ea.
সকালে তোমরা বাক্য দেখে হ্রদে খেলবে।,"In the morning, you all see the sentence and then play in the lake.",sɛt̪aʔɾɛ apɛ ajat ɲɛlkat̪ɛ ɟɔlaɾɛ gat̪ea.
আমরা গবাদিপশুর পাতলা পায়খানা দেখব।,We will see the scouring in cattle.,alɛ d̪ɔ aɽhəi̯ə ɲɛla.
আমরা ডাক্তার সাহায্য করেছিলাম।,We helped the doctor.,alɛlɛ ɖak̚t̪aɾ gɔɽɔkeda.
উঠানে একটি জারজ আছে।,There is a bastard in the courtyard of house.,bəteɾɛ bidʰuə̯ menaa.
সে বাবা সাহায্য করেছে।,He/she has helped the father.,uni d̪ɔ baba gɔɽɔakada.
সে খাবার পেয়েছে।,He/she has gotten the food.,uni d̪ɔ ɟɔmaʔ ɲamakada.
একটি পৈতৃক সম্পত্তি স্কুলে আছে।,One patrimony is in the school.,mit̪ʔʈɛn bapɔɾi dʰɔn d̪ɔ iskulɾɛ menaa.
পাড়াে একটি সময় আছে।,There is a time in the neighbourhood.,aɖe paseɾɛ ɔkt̪ɛ menaa.
স্কুলে একটি আখড়া আছে।,There is a gathering in the school.,iskulɾɛ akʰɾa menaa.
আমি ডাক্তার সাহায্য করব।,I will help the doctor.,iɲ d̪ɔ ɖak̚t̪aɾ gɔɽɔa.
গ্রামে একটি হিসাব আছে।,There is an account in the village.,at̪oɾɛ bil menaa.
তোমরা দুধ পান করবে না।,You all do not drink the milk.,apɛ d̪ɔ t̪o̯͡a bapɛ ɲua.
সকালে আমি ভাষা পড়ে কুয়ায় কাজ করব।,"In the morning, I study the language and then work in the well.",sɛt̪aʔɾɛ iɲ pɘɾsi paɽha͡o̯kat̪ɛ kuɲɾɛ kɘmia.
উঠানে একটি অনুশীলন আছে।,There is a practice in the courtyard of house.,bəteɾɛ bɛbɔhaɾ menaa.
উঠানে একটি মাথা ঘোরা আছে।,There is a vertigo in the courtyard of house.,bəteɾɛ bʰãoɾi menaa.
আমি মহাপ্লাবন ও দেবতা দেখব।,I will see the deluge and the deity.,iɲ d̪ɔ bajaban aɾ bʰokta ɲɛla.
"আমরা মা সাহায্য করব, কিন্তু মানুষ সাহায্য করব না।","We will help the mother, but do not help the person.",alɛ d̪ɔ gɔgɔ gɔɽɔa mɛnkʰan hɔɽ balɛ gɔɽɔa.
"সে মাছ খাবে, কিন্তু মধু খাবে না।","He/she will eat the fish, but does not eat the honey.",uni d̪ɔ haku ɟɔma mɛnkʰan ɲɛlɛɾasa bai̯ ɟɔma.
তুমি খাবার পাবে।,You will get the food.,am d̪ɔ ɟɔmaʔ ɲama.
"তোমরা আমড়া (ফল) দেখবে, কিন্তু আফিম দেখবে না।","You all will see the hog plum, but do not see the opium.",apɛ d̪ɔ bədʰiə̯ ɲɛla mɛnkʰan əpʰim bapɛ ɲɛla.
আমি সময় দেখব না।,I do not see the time.,iɲ d̪ɔ ɔkt̪ɛ bɘɲ ɲɛla.
শেষটি গুরুত্বপূর্ণ।,The end is important.,əkʰiɾ d̪ɔ ɟɘɾuɽa.
আমরা টাকা পাব।,We will get the money.,alɛ d̪ɔ ʈaka ɲama.
দয়া করে গ্রামে অপেক্ষা করো।,Please wait in the village.,d̪a.ja kat̪ɛ at̪oɾɛ t̪ɘŋgimɛ.
তোমরা ভাষা লিখবে।,You all will write the language.,apɛ d̪ɔ pɘɾsi ɔlɔʔa.
বাড়িতে একটি কষ্ট আছে।,There is a distress in the house.,ɔɽaʔɾɛ alad͡ʒʰala menaa.
সেই সময় তোমরা পানি পান করে নদীতে কাজ করবে।,"At that time, you all drink the water and then work in the river.",ɔkt̪ɛɾɛ apɛ d̪aʔ ɲukat̪ɛ gaɖaɾɛ kɘmia.
একটি গুপ্তচর গ্রামে আছে।,One spy is in the village.,mit̪ʔʈɛn baʈ paɽ d̪ɔ at̪oɾɛ menaa.
গতকাল তারা কথা লিখে গ্রামে খেলবে।,"Yesterday, they write the word and then play in the village.",hɔlaɾɛ oŋko kat̪ʰa ɔlɔʔkat̪ɛ at̪oɾɛ gat̪ea.
আড়ালে একটি ঢাল আছে।,There is a declivity in the covert.,ao̯tanɾɛ anaɽgo menaa.
বিস্তীর্ণ ভূমিে একটি কিশোর আছে।,There is a lad in the wide expanse of land.,bilənɾɛ bat͡ʃʰɽa menaa.
ভাষাটি নতুন।,The language is new.,pɘɾsi d̪ɔ nɔwaa.
আমরা ঘড়ি কিনব না।,We do not buy the watch.,alɛ d̪ɔ gʰuɽi balɛ kiɾiɲa.
তারা মাছ খেয়েছিল।,They ate the fish.,oŋkoko haku ɟɔmkeda.
তারা দুধ পান করবে।,They will drink the milk.,oŋko d̪ɔ t̪o̯͡a ɲua.
তুমি মোবাইল ফোন ও মাছ কিনবে।,You will buy the mobile phone and the fish.,am d̪ɔ mɔbaĭl pʰon aɾ haku kiɾiɲa.
আমরা যাচ্ছি।,We are going.,alɛlɛ calaʔɛd̪a.
সে পানি পান করবে।,He/she will drink the water.,uni d̪ɔ d̪aʔ ɲua.
তুমি খাবার ও মধু খাবে।,You will eat the food and the honey.,am d̪ɔ ɟɔmaʔ aɾ ɲɛlɛɾasa ɟɔma.
আমরা ছবি পাব।,We will get the photo.,alɛ d̪ɔ pʰɔʈɔ ɲama.
গতকাল আমরা দুধ পান করে শহরে যাব।,"Yesterday, we drink the milk and then go to the town.",hɔlaɾɛ alɛ t̪o̯͡a ɲukat̪ɛ sɔhɔɽɾɛ calaʔa.
সে বাবা সাহায্য করবে।,He/she will help the father.,uni d̪ɔ baba gɔɽɔa.
তোমরা মধু খেয়েছিলে।,You all ate the honey.,apɛpɛ ɲɛlɛɾasa ɟɔmkeda.
আমি খাবার পেয়েছি।,I have gotten the food.,iɲ d̪ɔ ɟɔmaʔ ɲamakada.
ইংল্যান্ডে একটি জীবন আছে।,There is a life in the england.,bilətɾɛ ɟiŋgi menaa.
তোমরা ভাষা বলবে।,You all will speak the language.,apɛ d̪ɔ pɘɾsi ɾɔɽa.
গতকাল তোমরা পানি পান করে হ্রদে যাবে।,"Yesterday, you all drink the water and then go to the lake.",hɔlaɾɛ apɛ d̪aʔ ɲukat̪ɛ ɟɔlaɾɛ calaʔa.
অজ্ঞতাটি পরিষ্কার।,The ignorance is clean.,bʰut͡ʃ d̪ɔ sapʰaa.
তোমরা মাছ বিক্রি করবে।,You all will sell the fish.,apɛ d̪ɔ haku ɘkʰɾiɲa.
তোমরা খাবার খাবে।,You all will eat the food.,apɛ d̪ɔ ɟɔmaʔ ɟɔma.
আমরা মাছ কিনব।,We will buy the fish.,alɛ d̪ɔ haku kiɾiɲa.
সে রান্না ও মাছ খাবে।,He/she will eat the cooked food and the fish.,uni d̪ɔ basaŋ aɾ haku ɟɔma.
নদীতে একটি ছেঁড়া আছে।,There is a rent in the river.,gaɖaɾɛ baŋ baŋ menaa.
উঠানে একটি খাবার আছে।,There is a food in the courtyard of house.,bəteɾɛ ɟɔmaʔ menaa.
আখটি নতুন।,The sugarcane is new.,ək d̪ɔ nɔwaa.
তার হাত নতুন।,His/her hand is new.,uniaʔ t̪i d̪ɔ nɔwaa.
সেই সময় সে দুধ পান করে হ্রদে কাজ করবে।,"At that time, he/she drink the milk and then work in the lake.",ɔkt̪ɛɾɛ uni t̪o̯͡a ɲukat̪ɛ ɟɔlaɾɛ kɘmia.
বাড়িতে একটি জোর খাটানো শ্রম আছে।,There is a forced labour in the house.,ɔɽaʔɾɛ begaɾ menaa.
কুয়ায় একটি উৎসব আছে।,There is a festival in the well.,kuɲɾɛ pɔɾɔb menaa.
আমি ঘড়ি ও মাছ কিনব।,I will buy the watch and the fish.,iɲ d̪ɔ gʰuɽi aɾ haku kiɾiɲa.
স্কুলে একটি ঢাল আছে।,There is a declivity in the school.,iskulɾɛ anaɽgo menaa.
তুমি পাঠ পড়বে না।,You do not study the lesson.,am d̪ɔ sikʰnɘt̪ bam paɽha͡o̯a.
তোমার রোগ গুরুত্বপূর্ণ।,Your illness is important.,amaʔ ɾu̯͡ɘ d̪ɔ ɟɘɾuɽa.
আমি টাকা পেয়েছিলাম।,I got the money.,iɲiɲ ʈaka ɲamkeda.
একটি স্ত্রী শহরে আছে।,One wife is in the town.,mit̪ʔʈɛn bəhu d̪ɔ sɔhɔɽɾɛ menaa.
বাসস্থানে একটি ঘাম আছে।,There is a perspiration in the residence.,basaɾɛ balbal menaa.
আমি ঘড়ি কিনেছি।,I have bought the watch.,iɲ d̪ɔ gʰuɽi kiɾiɲakada.
তাদের ঔষধ নতুন।,Their medicine is new.,oŋkoaʔ ɾan d̪ɔ nɔwaa.
আমরা ছবি পাব না।,We do not get the photo.,alɛ d̪ɔ pʰɔʈɔ balɛ ɲama.
তাদের নদী পরিষ্কার।,Their river is clean.,oŋkoaʔ gaɖa d̪ɔ sapʰaa.
তোমরা দুধ পান করবে।,You all will drink the milk.,apɛ d̪ɔ t̪o̯͡a ɲua.
তোমার ভিক্ষুক ভালো।,Your beggar is good.,amaʔ bʰikʰəɾi d̪ɔ mɔ̃ɟa.
একটি শিশু হ্রদে আছে।,One baby is in the lake.,mit̪ʔʈɛn bale d̪ɔ ɟɔlaɾɛ menaa.
আমি ঘড়ি বিক্রি করব।,I will sell the watch.,iɲ d̪ɔ gʰuɽi ɘkʰɾiɲa.
সেই সময় আমরা কথা লিখে শহরে কাজ করব।,"At that time, we write the word and then work in the town.",ɔkt̪ɛɾɛ alɛ kat̪ʰa ɔlɔʔkat̪ɛ sɔhɔɽɾɛ kɘmia.
আমাদের ভাষা ভালো।,Our language is good.,alɛaʔ pɘɾsi d̪ɔ mɔ̃ɟa.
তোমরা খাবার কিনবে না।,You all do not buy the food.,apɛ d̪ɔ ɟɔmaʔ bapɛ kiɾiɲa.
আড়ালে একটি শুকর আছে।,There is a pig in the covert.,ao̯tanɾɛ suk̚ɾi menaa.
দয়া করে শহরে অপেক্ষা করো।,Please wait in the town.,d̪a.ja kat̪ɛ sɔhɔɽɾɛ t̪ɘŋgimɛ.
আমি রান্না খেয়েছি।,I have eaten the cooked food.,iɲ d̪ɔ basaŋ ɟɔmakada.
আমি শব্দ করছি।,I am sounding.,iɲiɲ ɾaːgɛd̪a.
তাদের কাজ গুরুত্বপূর্ণ।,Their work is important.,oŋkoaʔ kɘmi d̪ɔ ɟɘɾuɽa.
কুয়াটি ভালো।,The well is good.,kuɲ d̪ɔ mɔ̃ɟa.
আমরা ভাষা লিখেছি।,We have written the language.,alɛ d̪ɔ pɘɾsi ɔlɔʔakada.
পাড়াে একটি ছবি আছে।,There is a photo in the neighbourhood.,aɖe paseɾɛ pʰɔʈɔ menaa.
দয়া করে বাড়িতে অপেক্ষা করো।,Please wait in the house.,d̪a.ja kat̪ɛ ɔɽaʔɾɛ t̪ɘŋgimɛ.
গতকাল আমরা রান্না খেয়ে নদীতে যাব।,"Yesterday, we eat the cooked food and then go to the river.",hɔlaɾɛ alɛ basaŋ ɟɔmkat̪ɛ gaɖaɾɛ calaʔa.
আমরা রান্না খাব না।,We do not eat the cooked food.,alɛ d̪ɔ basaŋ balɛ ɟɔma.
আমরা ঔষধ ও খাবার কিনব।,We will buy the medicine and the food.,alɛ d̪ɔ ɾan aɾ ɟɔmaʔ kiɾiɲa.
তুমি বলছ।,You is speaking.,amɛm ɾɔɽɛd̪a.
আমি ভাষা বলেছিলাম।,I spoke the language.,iɲiɲ pɘɾsi ɾɔɽkeda.
উঠানে একটি রোগ আছে।,There is an illness in the courtyard of house.,bəteɾɛ ɾu̯͡ɘ menaa.
আমার রোগ ভালো।,My illness is good.,iɲaʔ ɾu̯͡ɘ d̪ɔ mɔ̃ɟa.
সে বিঘত ও ছোট মশা দেখবে।,He/she will see the span and the midge.,uni d̪ɔ beɽ aɾ bəsɳɖi ɲɛla.
সেই সময় আমরা পাঠ পড়ে হ্রদে যাব।,"At that time, we study the lesson and then go to the lake.",ɔkt̪ɛɾɛ alɛ sikʰnɘt̪ paɽha͡o̯kat̪ɛ ɟɔlaɾɛ calaʔa.
"তুমি মধু খাবে, কিন্তু খাবার খাবে না।","You will eat the honey, but do not eat the food.",am d̪ɔ ɲɛlɛɾasa ɟɔma mɛnkʰan ɟɔmaʔ bam ɟɔma.
গুহাে একটি শুকর আছে।,There is a pig in the cave.,bʰugək̕ɾɛ suk̚ɾi menaa.
জেলেটি ছোট।,The fisherman is small.,ɟɘliɘ d̪ɔ lɘʈua.
বাড়িতে একটি বালিয়া সারস পাখি আছে।,There is a sand martin in the house.,ɔɽaʔɾɛ bʰəluə̯ menaa.
আমার মানুষ আনন্দের।,My person is happy.,iɲaʔ hɔɽ d̪ɔ ɾɘskɘa.
তোমরা পাঠ পড়বে না।,You all do not study the lesson.,apɛ d̪ɔ sikʰnɘt̪ bapɛ paɽha͡o̯a.
আড়ালে একটি উৎসব আছে।,There is a festival in the covert.,ao̯tanɾɛ pɔɾɔb menaa.
দয়া করে স্কুলে আসো।,Please come to the school.,d̪a.ja kat̪ɛ iskulɾɛ hiɟuʔmɛ.
"আমি পানি পান করব, কিন্তু পানি পান করব না।","I will drink the water, but do not drink the water.",iɲ d̪ɔ d̪aʔ ɲua mɛnkʰan d̪aʔ bɘɲ ɲua.
সেই সময় আমি বাদ পড়া দেখে বাড়িতে আসব।,"At that time, I see the omission and then come to the house.",ɔkt̪ɛɾɛ iɲ bʰul t͡ʃuk ɲɛlkat̪ɛ ɔɽaʔɾɛ hiɟuʔa.
বাড়িতে একটি স্কুল আছে।,There is a school in the house.,ɔɽaʔɾɛ iskul menaa.
আমরা মানুষ সাহায্য করব।,We will help the person.,alɛ d̪ɔ hɔɽ gɔɽɔa.
ভাড়াটে কর্মীটি গুরুত্বপূর্ণ।,The hired worker is important.,bənkəɾ d̪ɔ ɟɘɾuɽa.
বন্ধকীটি নতুন।,The mortgage is new.,bəndki d̪ɔ nɔwaa.
হ্রদে একটি অভিশাপ আছে।,There is a curse in the lake.,ɟɔlaɾɛ əsis menaa.
ইংল্যান্ডে একটি নুন-তামাকের ফেরিওয়ালা আছে।,There is a pedlar of salt and tobacco in the england.,bilətɾɛ bə̃ɽiə̯̃ menaa.
বাজারটি ভালো।,The bazaar is good.,bad͡ʒaɾ d̪ɔ mɔ̃ɟa.
তোমরা টাকা পাবে না।,You all do not get the money.,apɛ d̪ɔ ʈaka bapɛ ɲama.
তোমরা পান করছ।,You all are drinking.,apɛpɛ ɲuɛd̪a.
পোশাকটি ভালো।,The attire is good.,bʰagwa d̪ɔ mɔ̃ɟa.
সেই সময় তুমি পাঠ পড়ে বাড়িতে যাবে।,"At that time, you study the lesson and then go to the house.",ɔkt̪ɛɾɛ am sikʰnɘt̪ paɽha͡o̯kat̪ɛ ɔɽaʔɾɛ calaʔa.
দয়া করে গ্রামে আসো।,Please come to the village.,d̪a.ja kat̪ɛ at̪oɾɛ hiɟuʔmɛ.
একটি খাবার গ্রামে আছে।,One food is in the village.,mit̪ʔ ɟɔmaʔ d̪ɔ at̪oɾɛ menaa.
ভেড়ার মাংসটি পরিষ্কার।,The mutton is clean.,bʰiɖi d͡ʒel d̪ɔ sapʰaa.
আমি দুধ ও পানি পান করব।,I will drink the milk and the water.,iɲ d̪ɔ t̪o̯͡a aɾ d̪aʔ ɲua.
শিশু কোথায় আছে?,Where is the child?,gid̪ɾɘ d̪ɔ ɔkaɾɛ menaa.
শহরে একটি মধু আছে।,There is a honey in the town.,sɔhɔɽɾɛ ɲɛlɛɾasa menaa.
সেই সময় আমি দুধ পান করে গ্রামে আসব।,"At that time, I drink the milk and then come to the village.",ɔkt̪ɛɾɛ iɲ t̪o̯͡a ɲukat̪ɛ at̪oɾɛ hiɟuʔa.
তুমি রান্না খাবে।,You will eat the cooked food.,am d̪ɔ basaŋ ɟɔma.
তোমরা টাকা পেয়েছিলে।,You all got the money.,apɛpɛ ʈaka ɲamkeda.
আমার আঙুলের ফোঁড়া গুরুত্বপূর্ণ।,My whitlow is important.,iɲaʔ aŋguɾ biɽhi d̪ɔ ɟɘɾuɽa.
কুয়ায় একটি আখড়া আছে।,There is a gathering in the well.,kuɲɾɛ akʰɾa menaa.
তোমরা দুধ পান করেছিলে।,You all drank the milk.,apɛpɛ t̪o̯͡a ɲukeda.
আজ আমি ভাষা লিখে শহরে খেলব।,"Today, I write the language and then play in the town.",t̪eheɲɾɛ iɲ pɘɾsi ɔlɔʔkat̪ɛ sɔhɔɽɾɛ gat̪ea.
তোমরা কথা লিখেছ।,You all have written the word.,apɛ d̪ɔ kat̪ʰa ɔlɔʔakada.
কিশোরটি গুরুত্বপূর্ণ।,The lad is important.,bat͡ʃʰɽa d̪ɔ ɟɘɾuɽa.
তোমরা ছবি পাবে না।,You all do not get the photo.,apɛ d̪ɔ pʰɔʈɔ bapɛ ɲama.
তারা বসছে।,They are sitting.,oŋkoko d̪uɽup̚ʔɛd̪a.
তোমরা ঘড়ি বিক্রি করবে না।,You all do not sell the watch.,apɛ d̪ɔ gʰuɽi bapɛ ɘkʰɾiɲa.
খাবারটি পরিষ্কার।,The food is clean.,ɟɔmaʔ d̪ɔ sapʰaa.
আমি লিখছি।,I am writing.,iɲiɲ ɔlɔʔɛd̪a.
বধিরতাটি ভালো।,The deafness is good.,bəhiɾ bəi̯ d̪ɔ mɔ̃ɟa.
আজ সে ভাদ্র মাস দেখে স্কুলে কাজ করবে।,"Today, he/she see the august-september and then work in the school.",t̪eheɲɾɛ uni bʰadɔɾ ɲɛlkat̪ɛ iskulɾɛ kɘmia.
ঘড়িটি নতুন।,The watch is new.,gʰuɽi d̪ɔ nɔwaa.
তোমরা আস্থা দেখেছ।,You all have seen the confidence.,apɛ d̪ɔ baɾsa ɲɛlakada.
তোমরা রান্না খাবে।,You all will eat the cooked food.,apɛ d̪ɔ basaŋ ɟɔma.
আমি মোবাইল ফোন বিক্রি করেছিলাম।,I sold the mobile phone.,iɲiɲ mɔbaĭl pʰon ɘkʰɾiɲkeda.
আজ তারা খাবার কিনে গ্রামে খেলবে।,"Today, they buy the food and then play in the village.",t̪eheɲɾɛ oŋko ɟɔmaʔ kiɾiɲkat̪ɛ at̪oɾɛ gat̪ea.
সে কাজ করছে।,He/she is working.,unii̯ kɘmiɛd̪a.
আমি বাবা সাহায্য করেছি।,I have helped the father.,iɲ d̪ɔ baba gɔɽɔakada.
"তুমি খাবার পাবে, কিন্তু খাবার পাবে না।","You will get the food, but do not get the food.",am d̪ɔ ɟɔmaʔ ɲama mɛnkʰan ɟɔmaʔ bam ɲama.
তোমরা কথা লিখবে।,You all will write the word.,apɛ d̪ɔ kat̪ʰa ɔlɔʔa.
তার উই পোকা ছোট।,His/her termite is small.,uniaʔ bʰuku d̪ɔ lɘʈua.
আমরা মোবাইল ফোন বিক্রি করেছি।,We have sold the mobile phone.,alɛ d̪ɔ mɔbaĭl pʰon ɘkʰɾiɲakada.
আমাদের মোবাইল ফোন পরিষ্কার।,Our mobile phone is clean.,alɛaʔ mɔbaĭl pʰon d̪ɔ sapʰaa.
গতকাল সে খাবার কিনে কুয়ায় খেলবে।,"Yesterday, he/she buy the food and then play in the well.",hɔlaɾɛ uni ɟɔmaʔ kiɾiɲkat̪ɛ kuɲɾɛ gat̪ea.
"আমরা খাবার কিনব, কিন্তু খাবার কিনব না।","We will buy the food, but do not buy the food.",alɛ d̪ɔ ɟɔmaʔ kiɾiɲa mɛnkʰan ɟɔmaʔ balɛ kiɾiɲa.
তুমি বাবা সাহায্য করবে।,You will help the father.,am d̪ɔ baba gɔɽɔa.
তুমি ভাষা পড়েছিলে।,You studied the language.,amɛm pɘɾsi paɽha͡o̯keda.
কুয়ায় একটি নির্ভরতা আছে।,There is a reliance in the well.,kuɲɾɛ bʰaɾsa menaa.
বাসস্থানে একটি স্বস্তি আছে।,There is a relief in the residence.,basaɾɛ ao̯san menaa.
গতকাল আমি মাছ কিনে গ্রামে খেলব।,"Yesterday, I buy the fish and then play in the village.",hɔlaɾɛ iɲ haku kiɾiɲkat̪ɛ at̪oɾɛ gat̪ea.
তারা মাছ কিনবে।,They will buy the fish.,oŋko d̪ɔ haku kiɾiɲa.
আজ আমরা অর্জন দেখে কুয়ায় খেলব।,"Today, we see the gain and then play in the well.",t̪eheɲɾɛ alɛ ae̯ upəi̯ ɲɛlkat̪ɛ kuɲɾɛ gat̪ea.
আমরা খাবার খেয়েছি।,We have eaten the food.,alɛ d̪ɔ ɟɔmaʔ ɟɔmakada.
হ্রদে একটি অবিশ্বাসী আছে।,There is a heathen in the lake.,ɟɔlaɾɛ bedin menaa.
নিকটবর্তী এলাকাে একটি বনরুই আছে।,There is an ant-eater in the vicinity.,aɖe ʈolaɾɛ aɾba menaa.
"সে নির্বোধ ব্যক্তি দেখবে, কিন্তু সহ্যশক্তি দেখবে না।","He/she will see the dunce, but does not see the stamina.",uni d̪ɔ akoɾma ɲɛla mɛnkʰan bʰẹd͡ʒ bai̯ ɲɛla.
একমুঠোটি পরিষ্কার।,The handful is clean.,aɲd͡ʒle d̪ɔ sapʰaa.
তারা খাবার কিনবে না।,They do not buy the food.,oŋko d̪ɔ ɟɔmaʔ bako kiɾiɲa.
সকালে তুমি ঔষধ কিনে শহরে খেলবে।,"In the morning, you buy the medicine and then play in the town.",sɛt̪aʔɾɛ am ɾan kiɾiɲkat̪ɛ sɔhɔɽɾɛ gat̪ea.
আমি শিশু সাহায্য করব।,I will help the child.,iɲ d̪ɔ gid̪ɾɘ gɔɽɔa.
সেই সময় তোমরা কথা লিখে বাড়িতে আসবে।,"At that time, you all write the word and then come to the house.",ɔkt̪ɛɾɛ apɛ kat̪ʰa ɔlɔʔkat̪ɛ ɔɽaʔɾɛ hiɟuʔa.
ভাইটি আনন্দের।,The brother is happy.,baɾet d̪ɔ ɾɘskɘa.
একটি ডাক্তার বাড়িতে আছে।,One doctor is in the house.,mit̪ʔʈɛn ɖak̚t̪aɾ d̪ɔ ɔɽaʔɾɛ menaa.
আমরা অপেক্ষা করছি।,We are waiting.,alɛlɛ t̪ɘŋgiɛd̪a.
ইংল্যান্ডে একটি পা আছে।,There is a foot in the england.,bilətɾɛ kaʈa menaa.
"আমরা রান্না খাব, কিন্তু রান্না খাব না।","We will eat the cooked food, but do not eat the cooked food.",alɛ d̪ɔ basaŋ ɟɔma mɛnkʰan basaŋ balɛ ɟɔma.
আমি মোবাইল ফোন বিক্রি করব না।,I do not sell the mobile phone.,iɲ d̪ɔ mɔbaĭl pʰon bɘɲ ɘkʰɾiɲa.
সকালে তুমি ঝুড়ি দেখে হ্রদে খেলবে।,"In the morning, you see the basket and then play in the lake.",sɛt̪aʔɾɛ am bʰad͡ʒan ɲɛlkat̪ɛ ɟɔlaɾɛ gat̪ea.
আখড়া কোথায় আছে?,Where is the gathering?,akʰɾa d̪ɔ ɔkaɾɛ menaa.
সকালে সে মধু খেয়ে নদীতে যাবে।,"In the morning, he/she eat the honey and then go to the river.",sɛt̪aʔɾɛ uni ɲɛlɛɾasa ɟɔmkat̪ɛ gaɖaɾɛ calaʔa.
"আমরা রান্না খাব, কিন্তু মাছ খাব না।","We will eat the cooked food, but do not eat the fish.",alɛ d̪ɔ basaŋ ɟɔma mɛnkʰan haku balɛ ɟɔma.
"সে পানি পান করবে, কিন্তু পানি পান করবে না।","He/she will drink the water, but does not drink the water.",uni d̪ɔ d̪aʔ ɲua mɛnkʰan d̪aʔ bai̯ ɲua.
তার মহাপ্লাবন নতুন।,His/her deluge is new.,uniaʔ bajaban d̪ɔ nɔwaa.
ব্যাঙের ডাকটি গুরুত্বপূর্ণ।,The croak of frogs is important.,bɛbɛ d̪ɔ ɟɘɾuɽa.
তারা মোবাইল ফোন বিক্রি করবে।,They will sell the mobile phone.,oŋko d̪ɔ mɔbaĭl pʰon ɘkʰɾiɲa.
তুমি ভাষা বলবে।,You will speak the language.,am d̪ɔ pɘɾsi ɾɔɽa.
একটি মাছ গ্রামে আছে।,One fish is in the village.,mit̪ʔ haku d̪ɔ at̪oɾɛ menaa.
বিস্তীর্ণ ভূমিে একটি বাহু আছে।,There is an arm in the wide expanse of land.,bilənɾɛ bə̃hi menaa.
আমরা মধু খাব।,We will eat the honey.,alɛ d̪ɔ ɲɛlɛɾasa ɟɔma.
তুমি পানি পান করবে না।,You do not drink the water.,am d̪ɔ d̪aʔ bam ɲua.
আজ তোমরা পানি পান করে বাড়িতে আসবে।,"Today, you all drink the water and then come to the house.",t̪eheɲɾɛ apɛ d̪aʔ ɲukat̪ɛ ɔɽaʔɾɛ hiɟuʔa.
আমি দুধ পান করব।,I will drink the milk.,iɲ d̪ɔ t̪o̯͡a ɲua.
তোমাদের খাবার সুস্বাদু।,Your food is tasty.,apɛaʔ ɟɔmaʔ d̪ɔ sibila.
সেই সময় তারা খড়ের মোটা দড়ি দেখে নদীতে যাবে।,"At that time, they see the thick straw rope and then go to the river.",ɔkt̪ɛɾɛ oŋko baɾahi ɲɛlkat̪ɛ gaɖaɾɛ calaʔa.
আমার বাবা ছোট।,My father is small.,iɲaʔ baba d̪ɔ lɘʈua.
তুমি পান করছ।,You is drinking.,amɛm ɲuɛd̪a.
শিলাবৃষ্টিটি ভালো।,The hail is good.,aɾel d̪ɔ mɔ̃ɟa.
বিস্তীর্ণ ভূমিে একটি অশান্তি আছে।,There is an unrest in the wide expanse of land.,bilənɾɛ bɛtʰiɾ menaa.
একটি বিড়াল স্কুলে আছে।,One cat is in the school.,mit̪ʔʈɛn pusi d̪ɔ iskulɾɛ menaa.
সেই সময় আমরা পানি পান করে স্কুলে আসব।,"At that time, we drink the water and then come to the school.",ɔkt̪ɛɾɛ alɛ d̪aʔ ɲukat̪ɛ iskulɾɛ hiɟuʔa.
তারা রান্না খেয়েছিল।,They ate the cooked food.,oŋkoko basaŋ ɟɔmkeda.
"তুমি ঘড়ি বিক্রি করবে, কিন্তু ঘড়ি বিক্রি করবে না।","You will sell the watch, but do not sell the watch.",am d̪ɔ gʰuɽi ɘkʰɾiɲa mɛnkʰan gʰuɽi bam ɘkʰɾiɲa.
গ্রামে একটি অশান্তি আছে।,There is an unrest in the village.,at̪oɾɛ bɛtʰiɾ menaa.
আমি পানি পান করেছিলাম।,I drank the water.,iɲiɲ d̪aʔ ɲukeda.
একটি কিশোর বাড়িতে আছে।,One hobbledehoy is in the house.,mit̪ʔʈɛn bat͡ʃʰɽa koɽa d̪ɔ ɔɽaʔɾɛ menaa.
তোমাদের বাজি নতুন।,Your wager is new.,apɛaʔ bəd͡ʒi d̪ɔ nɔwaa.
একটি মোবাইল ফোন গ্রামে আছে।,One mobile phone is in the village.,mit̪ʔ mɔbaĭl pʰon d̪ɔ at̪oɾɛ menaa.
পাটি নতুন।,The foot is new.,kaʈa d̪ɔ nɔwaa.
তারা বিক্রি করছে।,They are selling.,oŋkoko ɘkʰɾiɲɛd̪a.
"তারা মানুষ সাহায্য করবে, কিন্তু ডাক্তার সাহায্য করবে না।","They will help the person, but do not help the doctor.",oŋko d̪ɔ hɔɽ gɔɽɔa mɛnkʰan ɖak̚t̪aɾ bako gɔɽɔa.
দয়া করে শহরে যাও।,Please go to the town.,d̪a.ja kat̪ɛ sɔhɔɽɾɛ calaʔmɛ.
"তোমরা ঘড়ি কিনবে, কিন্তু খাবার কিনবে না।","You all will buy the watch, but do not buy the food.",apɛ d̪ɔ gʰuɽi kiɾiɲa mɛnkʰan ɟɔmaʔ bapɛ kiɾiɲa.
সে বন্ধকী দেখবে না।,He/she does not see the mortgage.,uni d̪ɔ bəndki bai̯ ɲɛla.
তোমরা টাকা পাবে।,You all will get the money.,apɛ d̪ɔ ʈaka ɲama.
তুমি পড়ছ।,You is studying.,amɛm paɽha͡o̯ɛd̪a.
আজ আমি শোক দেখে হ্রদে কাজ করব।,"Today, I see the grief and then work in the lake.",t̪eheɲɾɛ iɲ bedna ɲɛlkat̪ɛ ɟɔlaɾɛ kɘmia.
ওয়ারেন্টটি নতুন।,The warrant is new.,aɾoɳʈ d̪ɔ nɔwaa.
স্কুলে একটি গ্রাম আছে।,There is a village in the school.,iskulɾɛ at̪o menaa.
আমরা মানুষ সাহায্য করেছিলাম।,We helped the person.,alɛlɛ hɔɽ gɔɽɔkeda.
তারা খেলছে।,They are playing.,oŋkoko gat̪eɛd̪a.
খড়টি গুরুত্বপূর্ণ।,The chaff is important.,bʰusə d̪ɔ ɟɘɾuɽa.
তুমি চুল্লি দেখেছ।,You have seen the furnace.,am d̪ɔ bʰaʈa ɲɛlakada.
একটি মা শহরে আছে।,One mother is in the town.,mit̪ʔʈɛn ajo d̪ɔ sɔhɔɽɾɛ menaa.
সেই সময় সে মাছ খেয়ে হ্রদে কাজ করবে।,"At that time, he/she eat the fish and then work in the lake.",ɔkt̪ɛɾɛ uni haku ɟɔmkat̪ɛ ɟɔlaɾɛ kɘmia.
সকালে আমরা পানি পান করে শহরে খেলব।,"In the morning, we drink the water and then play in the town.",sɛt̪aʔɾɛ alɛ d̪aʔ ɲukat̪ɛ sɔhɔɽɾɛ gat̪ea.
আড়ালে একটি হ্রদ আছে।,There is a lake in the covert.,ao̯tanɾɛ ɟɔla menaa.
দয়া করে হ্রদে আসো।,Please come to the lake.,d̪a.ja kat̪ɛ ɟɔlaɾɛ hiɟuʔmɛ.
সন্ধ্যাকালটি গুরুত্বপূর্ণ।,The eventide is important.,əjup̕ pajaɾ d̪ɔ ɟɘɾuɽa.
আমি ছুতার ও মাফ (হাতঢাকা) দেখব।,I will see the carpenter and the muff.,iɲ d̪ɔ bəɖʰi aɾ bembʰa ɲɛla.
গ্রামে একটি অগ্রদূত আছে।,There is a forerunner in the village.,at̪oɾɛ əguə̯daɾ menaa.
আড়ালে একটি পরাজয় আছে।,There is a beating in the covert.,ao̯tanɾɛ alao̯ menaa.
আমাদের ফার্ন গাছ নতুন।,Our fern is new.,alɛaʔ badgot͡ʃak̕ d̪ɔ nɔwaa.
সেই সময় সে দুধ পান করে নদীতে খেলবে।,"At that time, he/she drink the milk and then play in the river.",ɔkt̪ɛɾɛ uni t̪o̯͡a ɲukat̪ɛ gaɖaɾɛ gat̪ea.
সে কিনছে।,He/she is buying.,unii̯ kiɾiɲɛd̪a.
তারা মানুষ সাহায্য করেছে।,They have helped the person.,oŋko d̪ɔ hɔɽ gɔɽɔakada.
আমরা মারা যাচ্ছি।,We are dying.,alɛlɛ gɔc̚ʔɛd̪a.
সকালে আমি মাছ কিনে গ্রামে কাজ করব।,"In the morning, I buy the fish and then work in the village.",sɛt̪aʔɾɛ iɲ haku kiɾiɲkat̪ɛ at̪oɾɛ kɘmia.
আমি পানি ও দুধ পান করব।,I will drink the water and the milk.,iɲ d̪ɔ d̪aʔ aɾ t̪o̯͡a ɲua.
অবিশ্বাসীটি নতুন।,The heathen is new.,bedin d̪ɔ nɔwaa.
জিহ্বাটি ভালো।,The tongue is good.,alaŋ d̪ɔ mɔ̃ɟa.
একটি ভাই শহরে আছে।,One brother is in the town.,mit̪ʔʈɛn bɔ͡i̯ha d̪ɔ sɔhɔɽɾɛ menaa.
"তারা কথা পড়বে, কিন্তু পাঠ পড়বে না।","They will study the word, but do not study the lesson.",oŋko d̪ɔ kat̪ʰa paɽha͡o̯a mɛnkʰan sikʰnɘt̪ bako paɽha͡o̯a.
একটি মা হ্রদে আছে।,One mother is in the lake.,mit̪ʔʈɛn gɔgɔ d̪ɔ ɟɔlaɾɛ menaa.
নদীতে একটি উৎসব আছে।,There is a festival in the river.,gaɖaɾɛ pɔɾɔb menaa.
আমরা খাবার কিনব।,We will buy the food.,alɛ d̪ɔ ɟɔmaʔ kiɾiɲa.
সে যাচ্ছে।,He/she is going.,unii̯ calaʔɛd̪a.
জারজটি ছোট।,The bastard is small.,bidʰuə̯ d̪ɔ lɘʈua.
সকালে আমরা জাদুবিদ্যা দেখে হ্রদে কাজ করব।,"In the morning, we see the sorcery and then work in the lake.",sɛt̪aʔɾɛ alɛ ban ɲɛlkat̪ɛ ɟɔlaɾɛ kɘmia.
সেই সময় আমরা ঘড়ি কিনে শহরে খেলব।,"At that time, we buy the watch and then play in the town.",ɔkt̪ɛɾɛ alɛ gʰuɽi kiɾiɲkat̪ɛ sɔhɔɽɾɛ gat̪ea.
স্কুলে একটি খেলা আছে।,There is a game in the school.,iskulɾɛ bʰelguɖa menaa.
তাদের টাকা গুরুত্বপূর্ণ।,Their money is important.,oŋkoaʔ ʈaka d̪ɔ ɟɘɾuɽa.
মোবাইল ফোনটি ভালো।,The mobile phone is good.,mɔbaĭl pʰon d̪ɔ mɔ̃ɟa.
টাকাটি গুরুত্বপূর্ণ।,The money is important.,ʈaka d̪ɔ ɟɘɾuɽa.
আমি কথা লিখব না।,I do not write the word.,iɲ d̪ɔ kat̪ʰa bɘɲ ɔlɔʔa.
তোমার হাত পরিষ্কার।,Your hand is clean.,amaʔ t̪i d̪ɔ sapʰaa.
স্কুলে একটি রীতি আছে।,There is a customs in the school.,iskulɾɛ at͡ʃaɾ menaa.
তোমাদের পদ্য ভালো।,Your verse is good.,apɛaʔ ae̯t d̪ɔ mɔ̃ɟa.
তুমি ভাষা লিখবে না।,You do not write the language.,am d̪ɔ pɘɾsi bam ɔlɔʔa.
নিকটবর্তী এলাকাে একটি উই পোকা আছে।,There is a termite in the vicinity.,aɖe ʈolaɾɛ bʰuku menaa.
তুমি মোবাইল ফোন বিক্রি করেছিলে।,You sold the mobile phone.,amɛm mɔbaĭl pʰon ɘkʰɾiɲkeda.
পানিটি সুস্বাদু।,The water is tasty.,d̪aʔ d̪ɔ sibila.
বাসস্থানে একটি গুজব রটনাকারী আছে।,There is a gossiping in the dwelling place.,basɾɛ bəd͡ʒniə̯ menaa.
"আমরা পাঠ পড়ব, কিন্তু ভাষা পড়ব না।","We will study the lesson, but do not study the language.",alɛ d̪ɔ sikʰnɘt̪ paɽha͡o̯a mɛnkʰan pɘɾsi balɛ paɽha͡o̯a.
প্রকারটি নতুন।,The kinds is new.,bʰə̃t d̪ɔ nɔwaa.
আমরা পানি পান করেছিলাম।,We drank the water.,alɛlɛ d̪aʔ ɲukeda.
গুহাে একটি পিঁপড়া আছে।,There is an ant in the cave.,bʰugək̕ɾɛ muc̚ʔ menaa.
আড়ালে একটি শহর আছে।,There is a town in the covert.,ao̯tanɾɛ sɔhɔɽ menaa.
সেই সময় আমি ভাষা লিখে কুয়ায় কাজ করব।,"At that time, I write the language and then work in the well.",ɔkt̪ɛɾɛ iɲ pɘɾsi ɔlɔʔkat̪ɛ kuɲɾɛ kɘmia.
ইংল্যান্ডে একটি দুধ আছে।,There is a milk in the england.,bilətɾɛ t̪o̯͡a menaa.
বাসস্থানে একটি আয়না আছে।,There is a mirror in the dwelling place.,basɾɛ əɾsi menaa.
হ্রদে একটি আয়না আছে।,There is a mirror in the lake.,ɟɔlaɾɛ əɾsi menaa.
সকালে আমরা ভাষা পড়ে হ্রদে খেলব।,"In the morning, we study the language and then play in the lake.",sɛt̪aʔɾɛ alɛ pɘɾsi paɽha͡o̯kat̪ɛ ɟɔlaɾɛ gat̪ea.
আমি ঘড়ি বিক্রি করব না।,I do not sell the watch.,iɲ d̪ɔ gʰuɽi bɘɲ ɘkʰɾiɲa.
গুহাে একটি বোকা আছে।,There is a fool in the cave.,bʰugək̕ɾɛ bemblaha menaa.
"সে কিশোর দেখবে, কিন্তু ভালোবাসা দেখবে না।","He/she will see the lad, but does not see the love.",uni d̪ɔ bat͡ʃʰɽa ɲɛla mɛnkʰan bʰad bai̯ ɲɛla.
তুমি শব্দ করছ।,You is sounding.,amɛm ɾaːgɛd̪a.
তাদের জাফরি পরিষ্কার।,Their lattice work is clean.,oŋkoaʔ bata d̪ɔ sapʰaa.
"আমি ঘড়ি কিনব, কিন্তু মাছ কিনব না।","I will buy the watch, but do not buy the fish.",iɲ d̪ɔ gʰuɽi kiɾiɲa mɛnkʰan haku bɘɲ kiɾiɲa.
আমরা ঘড়ি ও মোবাইল ফোন কিনব।,We will buy the watch and the mobile phone.,alɛ d̪ɔ gʰuɽi aɾ mɔbaĭl pʰon kiɾiɲa.
তুমি কথা লিখবে না।,You do not write the word.,am d̪ɔ kat̪ʰa bam ɔlɔʔa.
পবিত্র সিন্দুকটি গুরুত্বপূর্ণ।,The ark of the covenant is important.,ən sunduk d̪ɔ ɟɘɾuɽa.
আমরা ভাষা লিখব না।,We do not write the language.,alɛ d̪ɔ pɘɾsi balɛ ɔlɔʔa.
"আমরা ভাষা বলব, কিন্তু কথা বলব না।","We will speak the language, but do not speak the word.",alɛ d̪ɔ pɘɾsi ɾɔɽa mɛnkʰan kat̪ʰa balɛ ɾɔɽa.
আমরা ভাষা পড়ব।,We will study the language.,alɛ d̪ɔ pɘɾsi paɽha͡o̯a.
সেই সময় আমি খাবার কিনে কুয়ায় খেলব।,"At that time, I buy the food and then play in the well.",ɔkt̪ɛɾɛ iɲ ɟɔmaʔ kiɾiɲkat̪ɛ kuɲɾɛ gat̪ea.
তারা পানি ও দুধ পান করবে।,They will drink the water and the milk.,oŋko d̪ɔ d̪aʔ aɾ t̪o̯͡a ɲua.
তোমরা পানি ও দুধ পান করবে।,You all will drink the water and the milk.,apɛ d̪ɔ d̪aʔ aɾ t̪o̯͡a ɲua.
দয়া করে কুয়ায় বসো।,Please sit in the well.,d̪a.ja kat̪ɛ kuɲɾɛ d̪uɽup̚ʔmɛ.
তুমি খাবার কিনেছিলে।,You bought the food.,amɛm ɟɔmaʔ kiɾiɲkeda.
তারা কথা পড়বে না।,They do not study the word.,oŋko d̪ɔ kat̪ʰa bako paɽha͡o̯a.
নদীতে একটি অকাল জন্ম আছে।,There is a premature birth in the river.,gaɖaɾɛ adpakolia menaa.
উঠানে একটি শহর আছে।,There is a town in the courtyard of house.,bəteɾɛ sɔhɔɽ menaa.
তাদের আঁটি ভালো।,Their bundle is good.,oŋkoaʔ əʈi d̪ɔ mɔ̃ɟa.
সে মাছ কিনবে না।,He/she does not buy the fish.,uni d̪ɔ haku bai̯ kiɾiɲa.
একটি মা গ্রামে আছে।,One mother is in the village.,mit̪ʔʈɛn gɔgɔ d̪ɔ at̪oɾɛ menaa.
বধিরতাটি গুরুত্বপূর্ণ।,The deafness is important.,bəhiɾ bəi̯ d̪ɔ ɟɘɾuɽa.
সে কথা বলবে না।,He/she does not speak the word.,uni d̪ɔ kat̪ʰa bai̯ ɾɔɽa.
তার বাবা আনন্দের।,His/her father is happy.,uniaʔ baba d̪ɔ ɾɘskɘa.
বিস্তীর্ণ ভূমিে একটি বেতন আছে।,There is a pay in the wide expanse of land.,bilənɾɛ bɛtɔn menaa.
তোমাদের হ্রদ নতুন।,Your lake is new.,apɛaʔ ɟɔla d̪ɔ nɔwaa.
সে বাবা সাহায্য করেছিল।,He/she helped the father.,unii̯ baba gɔɽɔkeda.
"আমি সময় দেখব, কিন্তু কোমরবন্ধ দেখব না।","I will see the time, but do not see the girth.",iɲ d̪ɔ ɔkt̪ɛ ɲɛla mɛnkʰan beɽband bɘɲ ɲɛla.
কুয়ায় একটি চুল্লি আছে।,There is a furnace in the well.,kuɲɾɛ bʰaʈa menaa.
আমি ঘড়ি কিনব।,I will buy the watch.,iɲ d̪ɔ gʰuɽi kiɾiɲa.
এক তোলাটি ভালো।,The one tola is good.,bʰoɾi d̪ɔ mɔ̃ɟa.
তাদের সময়কাল ভালো।,Their period is good.,oŋkoaʔ ãʈɾe d̪ɔ mɔ̃ɟa.
তুমি ঘড়ি দেখবে।,You will see the watch.,am d̪ɔ gʰuɽi ɲɛla.
তারা মধু খাবে।,They will eat the honey.,oŋko d̪ɔ ɲɛlɛɾasa ɟɔma.
পাঠ কোথায় আছে?,Where is the lesson?,sikʰnɘt̪ d̪ɔ ɔkaɾɛ menaa.
বাত রোগটি নতুন।,The rheumatism is new.,bat d̪ɔ nɔwaa.
একটি বাসিন্দা গ্রামে আছে।,One inhabitant is in the village.,mit̪ʔʈɛn baskitiə̯ d̪ɔ at̪oɾɛ menaa.
বাঁধটি পরিষ্কার।,The embankment is clean.,band d̪ɔ sapʰaa.
সেই সময় তারা কথা পড়ে শহরে খেলবে।,"At that time, they study the word and then play in the town.",ɔkt̪ɛɾɛ oŋko kat̪ʰa paɽha͡o̯kat̪ɛ sɔhɔɽɾɛ gat̪ea.
ডাক্তার কোথায় আছে?,Where is the doctor?,ɖak̚t̪aɾ d̪ɔ ɔkaɾɛ menaa.
আমি বন্য শুকর দেখেছিলাম।,I saw the boar.,iɲiɲ bʰatoɽ ɲɛlkeda.
ঝোপঝাড়টি নতুন।,The shrub is new.,akao̯na d̪ɔ nɔwaa.
অবশিষ্টটি নতুন।,The residue is new.,bəɖɾə d̪ɔ nɔwaa.
তোমাদের খাবার পরিষ্কার।,Your food is clean.,apɛaʔ ɟɔmaʔ d̪ɔ sapʰaa.
আড়ালে একটি বেঁকানো যন্ত্র আছে।,There is a brace for boring in the covert.,ao̯tanɾɛ bʰãoɾa menaa.
তোমরা মাছ ও মধু খাবে।,You all will eat the fish and the honey.,apɛ d̪ɔ haku aɾ ɲɛlɛɾasa ɟɔma.
আজ তুমি ভাষা লিখে স্কুলে কাজ করবে।,"Today, you write the language and then work in the school.",t̪eheɲɾɛ am pɘɾsi ɔlɔʔkat̪ɛ iskulɾɛ kɘmia.
তারা মাছ ও মধু খাবে।,They will eat the fish and the honey.,oŋko d̪ɔ haku aɾ ɲɛlɛɾasa ɟɔma.
আমার নদী গুরুত্বপূর্ণ।,My river is important.,iɲaʔ gaɖa d̪ɔ ɟɘɾuɽa.
তারা শিশু সাহায্য করেছে।,They have helped the child.,oŋko d̪ɔ gid̪ɾɘ gɔɽɔakada.
দয়া করে শহরে বসো।,Please sit in the town.,d̪a.ja kat̪ɛ sɔhɔɽɾɛ d̪uɽup̚ʔmɛ.
একটি পিঁপড়া কুয়ায় আছে।,One ant is in the well.,mit̪ʔʈɛn muc̚ʔ d̪ɔ kuɲɾɛ menaa.
তারা দেখছে।,They are seeing.,oŋkoko ɲɛlɛd̪a.
তোমার ডিমের কুসুম সুস্বাদু।,Your yolk of egg is tasty.,amaʔ bele botke d̪ɔ sibila.
শহরে একটি গুজব রটনাকারী আছে।,There is a bearer of tales in the town.,sɔhɔɽɾɛ bad͡ʒʰəni menaa.
"তুমি খাবার বিক্রি করবে, কিন্তু ঘড়ি বিক্রি করবে না।","You will sell the food, but do not sell the watch.",am d̪ɔ ɟɔmaʔ ɘkʰɾiɲa mɛnkʰan gʰuɽi bam ɘkʰɾiɲa.
গ্রামে একটি বিড়াল আছে।,There is a cat in the village.,at̪oɾɛ pusi menaa.
বেতনটি পরিষ্কার।,The pay is clean.,bɛtɔn d̪ɔ sapʰaa.
সেই সময় তারা পাঠ পড়ে বাড়িতে খেলবে।,"At that time, they study the lesson and then play in the house.",ɔkt̪ɛɾɛ oŋko sikʰnɘt̪ paɽha͡o̯kat̪ɛ ɔɽaʔɾɛ gat̪ea.
তুমি মাছ খেয়েছ।,You have eaten the fish.,am d̪ɔ haku ɟɔmakada.
সে মধু ও রান্না খাবে।,He/she will eat the honey and the cooked food.,uni d̪ɔ ɲɛlɛɾasa aɾ basaŋ ɟɔma.
তোমাদের তাঁতের অংশ নতুন।,Your heddles of loom is new.,apɛaʔ bade d̪ɔ nɔwaa.
সকালে তোমরা মোবাইল ফোন কিনে হ্রদে আসবে।,"In the morning, you all buy the mobile phone and then come to the lake.",sɛt̪aʔɾɛ apɛ mɔbaĭl pʰon kiɾiɲkat̪ɛ ɟɔlaɾɛ hiɟuʔa.
স্কুলে একটি খাবার আছে।,There is a food in the school.,iskulɾɛ ɟɔmaʔ menaa.
আমাদের গান ভালো।,Our song is good.,alɛaʔ seɾeɲ d̪ɔ mɔ̃ɟa.
সকালে তুমি ভাষা লিখে বাড়িতে যাবে।,"In the morning, you write the language and then go to the house.",sɛt̪aʔɾɛ am pɘɾsi ɔlɔʔkat̪ɛ ɔɽaʔɾɛ calaʔa.
সেই সময় তুমি পানি পান করে নদীতে খেলবে।,"At that time, you drink the water and then play in the river.",ɔkt̪ɛɾɛ am d̪aʔ ɲukat̪ɛ gaɖaɾɛ gat̪ea.
আজ সে দুধ পান করে গ্রামে আসবে।,"Today, he/she drink the milk and then come to the village.",t̪eheɲɾɛ uni t̪o̯͡a ɲukat̪ɛ at̪oɾɛ hiɟuʔa.
আমি পানি পান করব না।,I do not drink the water.,iɲ d̪ɔ d̪aʔ bɘɲ ɲua.
তুমি অপেক্ষা করছ।,You is waiting.,amɛm t̪ɘŋgiɛd̪a.
গুহাে একটি উত্তরাধিকার আছে।,There is a heritage in the cave.,bʰugək̕ɾɛ bapɔti dʰɔn menaa.
সকালে আমরা খাবার খেয়ে গ্রামে খেলব।,"In the morning, we eat the food and then play in the village.",sɛt̪aʔɾɛ alɛ ɟɔmaʔ ɟɔmkat̪ɛ at̪oɾɛ gat̪ea.
তার অগ্রদূত গুরুত্বপূর্ণ।,His/her forerunner is important.,uniaʔ əguə̯daɾ d̪ɔ ɟɘɾuɽa.
সেই সময় তারা ডায়াবেটিস দেখে বাড়িতে খেলবে।,"At that time, they see the diabetes and then play in the house.",ɔkt̪ɛɾɛ oŋko bəhumut ɲɛlkat̪ɛ ɔɽaʔɾɛ gat̪ea.
আমার গান ভালো।,My song is good.,iɲaʔ seɾeɲ d̪ɔ mɔ̃ɟa.
অশান্তিটি ভালো।,The unrest is good.,bɛtʰiɾ d̪ɔ mɔ̃ɟa.
তুমি দুধ পান করেছিলে।,You drank the milk.,amɛm t̪o̯͡a ɲukeda.
অভ্যাসটি নতুন।,The habit is new.,bʰəsi d̪ɔ nɔwaa.
আচরণটি পরিষ্কার।,The conduct is clean.,at͡ʃaɾ beo̯haɾ d̪ɔ sapʰaa.
সে মোবাইল ফোন ও ঔষধ কিনবে।,He/she will buy the mobile phone and the medicine.,uni d̪ɔ mɔbaĭl pʰon aɾ ɾan kiɾiɲa.
বিস্তীর্ণ ভূমিে একটি রান্না আছে।,There is a cooked food in the wide expanse of land.,bilənɾɛ basaŋ menaa.
আমরা কথা বলেছিলাম।,We spoke the word.,alɛlɛ kat̪ʰa ɾɔɽkeda.
তারা ঘড়ি বিক্রি করবে।,They will sell the watch.,oŋko d̪ɔ gʰuɽi ɘkʰɾiɲa.
গতকাল আমি দুধ পান করে স্কুলে আসব।,"Yesterday, I drink the milk and then come to the school.",hɔlaɾɛ iɲ t̪o̯͡a ɲukat̪ɛ iskulɾɛ hiɟuʔa.
আজ আমি ঘড়ি কিনে বাড়িতে আসব।,"Today, I buy the watch and then come to the house.",t̪eheɲɾɛ iɲ gʰuɽi kiɾiɲkat̪ɛ ɔɽaʔɾɛ hiɟuʔa.
আমরা কথা বলেছি।,We have spoken the word.,alɛ d̪ɔ kat̪ʰa ɾɔɽakada.
বাড়িতে একটি কৃষিজ উৎপাদন আছে।,There is an agricultural produce in the house.,ɔɽaʔɾɛ aɾd͡ʒon menaa.
ইংল্যান্ডে একটি ছুতার আছে।,There is a carpenter in the england.,bilətɾɛ bəɖʰi menaa.
গুহাে একটি সময় আছে।,There is a time in the cave.,bʰugək̕ɾɛ ɔkt̪ɛ menaa.
তুমি মাছ খাবে।,You will eat the fish.,am d̪ɔ haku ɟɔma.
সে মা সাহায্য করবে না।,He/she does not help the mother.,uni d̪ɔ gɔgɔ bai̯ gɔɽɔa.
হ্রদে একটি খাবার আছে।,There is a victuals in the lake.,ɟɔlaɾɛ aʈa saʈa menaa.
নিকটবর্তী এলাকাে একটি বাষ্প আছে।,There is a steam in the vicinity.,aɖe ʈolaɾɛ bʰapʰ menaa.
সকালে তারা দুধ পান করে হ্রদে খেলবে।,"In the morning, they drink the milk and then play in the lake.",sɛt̪aʔɾɛ oŋko t̪o̯͡a ɲukat̪ɛ ɟɔlaɾɛ gat̪ea.
সকালে সে কথা লিখে কুয়ায় কাজ করবে।,"In the morning, he/she write the word and then work in the well.",sɛt̪aʔɾɛ uni kat̪ʰa ɔlɔʔkat̪ɛ kuɲɾɛ kɘmia.
তোমরা মাছ কিনেছ।,You all have bought the fish.,apɛ d̪ɔ haku kiɾiɲakada.
আমি রান্না খেয়েছিলাম।,I ate the cooked food.,iɲiɲ basaŋ ɟɔmkeda.
সে বয়লার দেখবে।,He/she will see the boiler.,uni d̪ɔ bʰəʈʰi ɲɛla.
সে নুন-তামাকের ফেরিওয়ালা দেখবে।,He/she will see the pedlar of salt and tobacco.,uni d̪ɔ bə̃ɽiə̯̃ ɲɛla.
আমি মাছ বিক্রি করব না।,I do not sell the fish.,iɲ d̪ɔ haku bɘɲ ɘkʰɾiɲa.
আজ সে রান্না খেয়ে নদীতে আসবে।,"Today, he/she eat the cooked food and then come to the river.",t̪eheɲɾɛ uni basaŋ ɟɔmkat̪ɛ gaɖaɾɛ hiɟuʔa.
আমি কথা বলব।,I will speak the word.,iɲ d̪ɔ kat̪ʰa ɾɔɽa.
সে খাবার কিনবে।,He/she will buy the food.,uni d̪ɔ ɟɔmaʔ kiɾiɲa.
গুহাে একটি গান আছে।,There is a song in the cave.,bʰugək̕ɾɛ seɾeɲ menaa.
তোমাদের পরজীবী উদ্ভিদ পরিষ্কার।,Your parasitic plant is clean.,apɛaʔ alagd͡ʒəɽi d̪ɔ sapʰaa.
তার মানুষ ভালো।,His/her person is good.,uniaʔ hɔɽ d̪ɔ mɔ̃ɟa.
আমার কাজ গুরুত্বপূর্ণ।,My work is important.,iɲaʔ kɘmi d̪ɔ ɟɘɾuɽa.
আমরা ভাষা লিখেছিলাম।,We wrote the language.,alɛlɛ pɘɾsi ɔlɔʔkeda.
আমরা টকশাক দেখেছি।,We have seen the sorel.,alɛ d̪ɔ aɾak̕ kudɾum ɲɛlakada.
গুহাে একটি জাদুবিদ্যা আছে।,There is a sorcery in the cave.,bʰugək̕ɾɛ ban menaa.
একটি গুপ্তচর নদীতে আছে।,One spy is in the river.,mit̪ʔʈɛn baʈ paɽ d̪ɔ gaɖaɾɛ menaa.
তুমি মাছ ও রান্না খাবে।,You will eat the fish and the cooked food.,am d̪ɔ haku aɾ basaŋ ɟɔma.
বন্যাটি ভালো।,The flood is good.,bəd d̪ɔ mɔ̃ɟa.
তারা ভাষা লিখবে না।,They do not write the language.,oŋko d̪ɔ pɘɾsi bako ɔlɔʔa.
বন্ধুত্বটি ভালো।,The friendship is good.,bʰab d̪ɔ mɔ̃ɟa.
আমি পাত্র ও আতঙ্ক দেখব।,I will see the receptacle and the terror.,iɲ d̪ɔ anataŋ aɾ bʰɔɽɔk ɲɛla.
সকালে আমরা কথা লিখে গ্রামে আসব।,"In the morning, we write the word and then come to the village.",sɛt̪aʔɾɛ alɛ kat̪ʰa ɔlɔʔkat̪ɛ at̪oɾɛ hiɟuʔa.
বাসস্থানে একটি ভাই আছে।,There is a brother in the dwelling place.,basɾɛ bɔ͡i̯ha menaa.
তারা মধু ও মাছ খাবে।,They will eat the honey and the fish.,oŋko d̪ɔ ɲɛlɛɾasa aɾ haku ɟɔma.
তারা পান করছে।,They are drinking.,oŋkoko ɲuɛd̪a.
সে মোবাইল ফোন বিক্রি করবে।,He/she will sell the mobile phone.,uni d̪ɔ mɔbaĭl pʰon ɘkʰɾiɲa.
তারা রান্না খাবে।,They will eat the cooked food.,oŋko d̪ɔ basaŋ ɟɔma.
আমি ভাষা পড়েছিলাম।,I studied the language.,iɲiɲ pɘɾsi paɽha͡o̯keda.
সে ঘড়ি ও মাছ কিনবে।,He/she will buy the watch and the fish.,uni d̪ɔ gʰuɽi aɾ haku kiɾiɲa.
আমাদের পা পরিষ্কার।,Our leg is clean.,alɛaʔ ɟaŋga d̪ɔ sapʰaa.
গতকাল তুমি কথা লিখে স্কুলে খেলবে।,"Yesterday, you write the word and then play in the school.",hɔlaɾɛ am kat̪ʰa ɔlɔʔkat̪ɛ iskulɾɛ gat̪ea.
আমি মানুষ সাহায্য করব।,I will help the person.,iɲ d̪ɔ hɔɽ gɔɽɔa.
আমাদের বিড়াল আনন্দের।,Our cat is happy.,alɛaʔ pusi d̪ɔ ɾɘskɘa.
সে মাছ ও খাবার খাবে।,He/she will eat the fish and the food.,uni d̪ɔ haku aɾ ɟɔmaʔ ɟɔma.
তোমরা বিক্রি করছ।,You all are selling.,apɛpɛ ɘkʰɾiɲɛd̪a.
আজ আমি ভাষা পড়ে বাড়িতে যাব।,"Today, I study the language and then go to the house.",t̪eheɲɾɛ iɲ pɘɾsi paɽha͡o̯kat̪ɛ ɔɽaʔɾɛ calaʔa.
আড়ালে একটি বাঘ আছে।,There is a tiger in the covert.,ao̯tanɾɛ t̪ɘɾup̚ʔ menaa.
হাতটি ভালো।,The hand is good.,t̪i d̪ɔ mɔ̃ɟa.
তার উৎসব গুরুত্বপূর্ণ।,His/her festival is important.,uniaʔ pɔɾɔb d̪ɔ ɟɘɾuɽa.
সেই সময় আমি মধু খেয়ে বাড়িতে যাব।,"At that time, I eat the honey and then go to the house.",ɔkt̪ɛɾɛ iɲ ɲɛlɛɾasa ɟɔmkat̪ɛ ɔɽaʔɾɛ calaʔa.
আমরা খাবার বিক্রি করেছি।,We have sold the food.,alɛ d̪ɔ ɟɔmaʔ ɘkʰɾiɲakada.
