file,utterance_id,start_ms,end_ms,bangla,english,ipa_original,ipa_normalized,segments,glosses,notes
santali_glossed_1.eaf,1,0,1000,[S1.1] মাটিতে একফোঁটা মধু পড়ে ছিল।,A drop of honey was on the ground.,ɔt̪̚ʔɾɛ mit̪̚ʔ ʈʰɔp ɲɛlɛɾasa ɲuːɾakan t̪ahɛ̃kana.,ɔt̪ʔ-ɾɛ mit̪ʔ ʈʰɔp ɲɛlɛɾasa ɲuɾ-akan t̪ahɛ̃-kan-a.,ɔt̪ʔ-ɾɛ | mit̪ʔ | ʈʰɔp | ɲɛlɛɾasa | ɲuɾ-akan | t̪ahɛ̃-kan-a,ground-LOC | one | drop | honey | fall-PRF | be-PRS-FIN,Glottal-stop ʔ retained morphophonemically; t̪ahɛ̃kana = past copula 'was'.
santali_glossed_1.eaf,2,1000,2000,[S1.2] একটা পিঁপড়া পাশ দিয়ে যাওয়ার সময় সেই মধুর গন্ধ পেল।,An ant passing by smelled that honey.,paɾɔm calaʔ ɟɔkʰɛʲc̚ʔ miʔʈɛʲc̚ʔ mũʲc̚ʔ ɲɛlɛɾasa sɔ͡i̯ ɲamked̪a.,paɾɔm calaʔ ɟɔkʰɛc̚ʔ mit̪ʔ-ʈɛn muc̚ʔ ɲɛlɛɾasa sɔ͡i̯ ɲam-ked-a.,paɾɔm | calaʔ | ɟɔkʰɛc̚ʔ | mit̪ʔ-ʈɛn | muc̚ʔ | ɲɛlɛɾasa | sɔ͡i̯ | ɲam-ked-a,beside | go | while | one-CLF.NHUM | ant | honey | smell | get-A.PST-FIN,muʲc̚ʔ/muc̚ʔ variants = 'ant'; sɔ͡i̯ = smell/scent (N).
santali_glossed_1.eaf,3,2000,3000,[S1.3] পিঁপড়াটি একপাশ থেকে মধু খাওয়া শুরু করলো।,The ant started consuming honey from one side.,uni mũʲc̚ʔ d̪ɔ miʔsɛʲc̚ʔ kʰɔʲc̚ʔ ɲɛɭɛɾasa ɲuɲu͡i̯ ɛhɔp̚ʔena.,uni muc̚ʔ d̪ɔ mit̪ʔ-sɛc̚ʔ kʰɔc̚ʔ ɲɛlɛɾasa ɲu-ɲu-i̯ ɛhɔp-en-a.,uni | muc̚ʔ | d̪ɔ | mit̪ʔ-sɛc̚ʔ | kʰɔc̚ʔ | ɲɛlɛɾasa | ɲu-ɲu-i̯ | ɛhɔp-en-a,3SG.DEM | ant | DET | one-side | ABL | honey | drink-RDP-? | begin-M.PST-FIN,ɲɛɭɛɾasa→ɲɛlɛɾasa (typo: ɭ→l). Reduplication ɲu-ɲu marks habitual/continuous.
santali_glossed_1.eaf,4,3000,4000,[S1.4] একবার খাওয়ার পর সে অনেক মজা পেল এবং খেতেই থাকলো।,After consuming once he was very amused and kept eating.,mit̪̚ʔd̪ʰa͡o̯ ɲɛlɛɾasa ɲu kat̪ɛt̪̚ʔ ɘɖi sibil ked̪e.ja aɾ uni d̪ɔ ɲuɲut̪igei͡i̯ t̪ãhɛ͡i̯na.,mit̪ʔ-d̪ʰa͡o̯ ɲɛlɛɾasa ɲu-kat̪ɛ ɘɖi sibil ked-e-a aɾ uni d̪ɔ ɲu-ɲut̪-i̯ ge-i̯ t̪ãhɛ-i̯-na.,mit̪ʔ-d̪ʰa͡o̯ | ɲɛlɛɾasa | ɲu-kat̪ɛ | ɘɖi | sibil | ked-e-a | aɾ | uni | d̪ɔ | ɲu-ɲut̪-i̯ | ge-i̯ | t̪ãhɛ-i̯-na,one-time | honey | drink-CVB | very | tasty | feel-OBJ.3SG-FIN | and | 3SG.DEM | DET | drink-RDP-EMPH | EMPH-EMPH | stay-EMPH-?? ,Missing outer brackets in source restored. ked-e-a = 'felt it'; ɲuɲut̪i+ge+i̯ = continuative+focus.
santali_glossed_1.eaf,5,4000,5000,"[S1.5] মধু খেতে খেতে তার পেট ফুলে গেল, তবুও সে খাওয়া থামালো না।","His stomach swelled as he kept devouring the honey, but still he did not stop eating.",ɲɛlɛɾasa ɲu ɲut̪ɛ uni.jaʔ laʲc̚ʔ d̪ɔ pʰulɘ͡u̯ɛnt̪a.ja ɛnɾɛhɔ̃ ɲɛlɛɾasa ɲuɲu d̪ɔ ba͡i̯ bɘgi.jad̪a.,ɲɛlɛɾasa ɲu-ɲu-t̪ɛ uni-aʔ lac̚ʔ d̪ɔ pʰulɘ͡u̯-en-t̪a-a aɾ-ɛn-ɾɛ-hɔ̃ ɲɛlɛɾasa ɲu-ɲu d̪ɔ ba͡i̯ bɘgi-akad-a.,ɲɛlɛɾasa | ɲu-ɲu-t̪ɛ | uni-aʔ | lac̚ʔ | d̪ɔ | pʰulɘ͡u̯-en-t̪a-a | ɛnɾɛhɔ̃ | ɲɛlɛɾasa | ɲu-ɲu | d̪ɔ | ba͡i̯ | bɘgi-akad-a,honey | drink-RDP-INF | 3SG-GEN | stomach | DET | swell-M.PST-PROG-FIN | even.so | honey | drink-RDP | DET | NEG | leave-PRF-FIN,ɛnɾɛhɔ̃ = concessive 'even so'; -t̪a- progressive marker.
santali_glossed_1.eaf,6,5000,6000,[S1.6] খেতে খেতে সে মধুর ফোঁটার মাঝখানে চলে গেল এবং তার পা মধুতে আটকে গেল।,"While consuming, he stepped in between drops of honey and got his foot stuck in the honey.",ɲɛlɛɾasa ɲuɲut̪ɛ unid̪ɔ ɲɛlɛɾasa t̪alaɾɛ͡i̯ bɔlɔ͡i̯na aɾ a.jaʔ ɟaŋga d̪ɔ ɲɛlɛɾasaɾɛ t̪ʰɘli.jɛnt̪a.ja.,ɲɛlɛɾasa ɲu-ɲu-t̪ɛ uni d̪ɔ ɲɛlɛɾasa t̪ala-ɾɛ-i̯ bɔlɔ-i̯-na aɾ a-aʔ ɟaŋga d̪ɔ ɲɛlɛɾasa-ɾɛ t̪ʰɘli-en-t̪a-a.,ɲɛlɛɾasa | ɲu-ɲu-t̪ɛ | uni | d̪ɔ | ɲɛlɛɾasa | t̪ala-ɾɛ-i̯ | bɔlɔ-i̯-na | aɾ | a-aʔ | ɟaŋga | d̪ɔ | ɲɛlɛɾasa-ɾɛ | t̪ʰɘli-en-t̪a-a,honey | drink-RDP-INF | 3SG.DEM | DET | honey | middle-LOC-EMPH | enter-EMPH-?? | and | 3SG-GEN | foot | DET | honey-LOC | stick-M.PST-PROG-FIN,Leading '. ' deleted in source. a.jaʔ = aʲaʔ 'his/its'.
santali_glossed_1.eaf,7,6000,7000,[S1.7] যতই সে পা ছাড়িয়ে নেওয়ার চেষ্টা করলো ততই সে ভেতরের দিকে তলিয়ে/ ডুবে গেল।,"The more he tried to get his foot out, the more he sank inward.",baɲcaʔ lɘgit̪̚ʔ a.jaʔ kaʈa t̪inɘʔɛ ɔcɔʔɛʔt̪a.ja unɘʔgi bʰit̪ɾisɛʲc̚ʔɛ bɔlɔ cala͡o̯ɛ̆na.,baɲcaʔ lɘgit̪ʔ a-aʔ kaʈa t̪inɘʔ-e ɔcɔʔ-ɛʔ-t̪a-a unɘʔ-gi bʰit̪ɾi-sɛc̚ʔ-e bɔlɔ calaʔ-en-a.,baɲcaʔ | lɘgit̪ʔ | a-aʔ | kaʈa | t̪inɘʔ-e | ɔcɔʔ-ɛʔ-t̪a-a | unɘʔ-gi | bʰit̪ɾi-sɛc̚ʔ-e | bɔlɔ | calaʔ-en-a,save | for | 3SG-GEN | foot | as.much-3SG.A | force-OBJ-PROG-FIN | that.much-EMPH | inside-side-3SG.A | enter | go-M.PST-FIN,Correlative t̪inɘʔ...unɘʔ = 'as much...that much'.
santali_glossed_1.eaf,8,7000,8000,[S1.8] একসময় পিঁপড়াটি দমবন্ধ হয়ে মারা গেল।,At one point the ant suffocated and died.,sahɛ̃t̪̚ʔ bɔnd̪ɔ.jɛnt̪a͡i̯t̪ɛ uni muʲc̚ʔ d̪ɔ mit̪̚ʔgʰɘɽi t̪a͡i̯nɔmɛ gɔʲc̚ʔɛna.,sahɛ̃t̪ʔ bɔnd̪ɔ-en-t̪a-i̯-t̪ɛ uni muc̚ʔ d̪ɔ mit̪ʔ-gʰɘɽi t̪a͡i̯nɔm-e gɔc̚ʔ-en-a.,sahɛ̃t̪ʔ | bɔnd̪ɔ-en-t̪a-i̯-t̪ɛ | uni | muc̚ʔ | d̪ɔ | mit̪ʔ-gʰɘɽi | t̪a͡i̯nɔm-e | gɔc̚ʔ-en-a,breath | close-M.PST-PROG-EMPH-INS | 3SG.DEM | ant | DET | one-moment | after-3SG.A | die-M.PST-FIN,sahɛ̃t̪ʔ = breath; gɔc̚ʔ = die.
santali_glossed_1.eaf,9,8000,9000,[S1.9] লোভের কারণে পিঁপড়াটির মৃত্যু হলো/ মারা গেল।,The ant died due to its greed.,a.jaʔ lalɔc̚ʔ ijɘt̪ɛ uni mũʲc̚ʔ d̪ɔ͡i̯ gɔʲc̚ʔena.ʔ,a-aʔ lalɔc̚ʔ i̯-ɘt̪ɛ uni muc̚ʔ d̪ɔ-i̯ gɔc̚ʔ-en-a.,a-aʔ | lalɔc̚ʔ | i̯-ɘt̪ɛ | uni | muc̚ʔ | d̪ɔ-i̯ | gɔc̚ʔ-en-a,3SG-GEN | greed | EMPH-because | 3SG.DEM | ant | DET-EMPH | die-M.PST-FIN,Stray closing '.ʔ' removed.
santali_glossed_1.eaf,10,9000,10000,[S2.1] এক বাঘ ও এক শুকর একটা কুয়ার পানি পান করতে গিয়েছিল।,A tiger and a pig went to a well to drink water.,mit̪̚ʔʈɛn t̪ɘɾup̚ʔ aɾ mit̪̚ʔʈɛn suk̚ɾi mit̪̚ʔʈɛn kuɲɾɛː d̪aʔ ɲukin cala͡o̯lɛna.,mit̪ʔ-ʈɛn t̪ɘɾup̚ʔ aɾ mit̪ʔ-ʈɛn suk̚ɾi mit̪ʔ-ʈɛn kuɲ-ɾɛ d̪aʔ ɲu-kin calaʔ-lɛn-a.,mit̪ʔ-ʈɛn | t̪ɘɾup̚ʔ | aɾ | mit̪ʔ-ʈɛn | suk̚ɾi | mit̪ʔ-ʈɛn | kuɲ-ɾɛ | d̪aʔ | ɲu-kin | calaʔ-lɛn-a,one-CLF.HUM | tiger | and | one-CLF.HUM | pig | one-CLF.HUM | well-LOC | water | drink-3DU | go-M.PST.DU-FIN,-kin = 3DU subject index; -lɛn- = middle past dual.
santali_glossed_1.eaf,11,10000,11000,[S2.2] কিন্তু কে আগে পানি খাবে এটা নিয়ে তাদের মধ্যে ঝগড়া লেগে গেল।,But they quarreled over who would drink the water first.,mɛnkʰan ɔkɔ͡i̯ lahaɾɛ d̪aʔɛː ɲu.ja no̯͡a ni̯͡ɘt̪ɛ ɘkint̪alaɾɛ kɘpɘɾiɘ͡o̯ laga͡ɔ̯ɛna.,mɛnkʰan ɔkɔ-i̯ laha-ɾɛ d̪aʔ-e ɲu-a no̯͡a ni̯͡ɘ-t̪ɛ ɘkin-t̪ala-ɾɛ kɘpɘɾiɘ͡o̯ laga͡ɔ̯-en-a.,mɛnkʰan | ɔkɔ-i̯ | laha-ɾɛ | d̪aʔ-e | ɲu-a | no̯͡a | ni̯͡ɘ-t̪ɛ | ɘkin-t̪ala-ɾɛ | kɘpɘɾiɘ͡o̯ | laga͡ɔ̯-en-a,but | who-EMPH | front-LOC | water-3SG.A | drink-FIN | DEM.PROX | regarding-INS | 3DU-middle-LOC | quarrel | begin-M.PST-FIN,ɘkin = 3DU pronoun; t̪ala 'middle/between'.
santali_glossed_1.eaf,12,11000,12000,[S2.3] বাঘ কিছুতেই শুকরকে আগে পানি পান করতে দিতে চাইলো না।,The tiger did not want to let the pig drink the water first.,t̪ɘɾup̚ʔ ɔkalɛkat̪ɛhɔ̃ suk̚ɾi lahaɾɛ d̪aʔ ɲu ucu ba͡i̯ kʰɔɟlɛna.,t̪ɘɾup̚ʔ ɔka-lɛka-t̪ɛ-hɔ̃ suk̚ɾi laha-ɾɛ d̪aʔ ɲu ucu ba͡i̯ kʰɔɟ-lɛn-a.,t̪ɘɾup̚ʔ | ɔka-lɛka-t̪ɛ-hɔ̃ | suk̚ɾi | laha-ɾɛ | d̪aʔ | ɲu | ucu | ba͡i̯ | kʰɔɟ-lɛn-a,tiger | which-like-INS-also | pig | front-LOC | water | drink | CAUS | NEG | want-M.PST-FIN,ɔkalɛkat̪ɛhɔ̃ = 'in any way at all'.
santali_glossed_1.eaf,13,12000,13000,[S2.4] শুকরও বাঘকে আগে পানি পান করতে দিতে রাজি হলো না।,The pig also refused to let the tiger drink the water first.,suk̚ɾi hɔ̃ t̪ɘɾup̚ʔ lahaɾɛ d̪aʔ ɲu ucu d̪ɔ ba͡i̯ ɾɛbɛnlɛna.,suk̚ɾi hɔ̃ t̪ɘɾup̚ʔ laha-ɾɛ d̪aʔ ɲu ucu d̪ɔ ba͡i̯ ɾɛbɛn-lɛn-a.,suk̚ɾi | hɔ̃ | t̪ɘɾup̚ʔ | laha-ɾɛ | d̪aʔ | ɲu | ucu | d̪ɔ | ba͡i̯ | ɾɛbɛn-lɛn-a,pig | also | tiger | front-LOC | water | drink | CAUS | DET | NEG | agree-M.PST-FIN,
santali_glossed_1.eaf,14,13000,14000,[S2.5] গাছে বসে একদল শকুন তাদের এই ঘটনা দেখছিল।,A group of vultures sitting on the tree was observing their situation.,d̪aɾeɾɛ d̪uɽup̚ʔ kat̪ɛ miʔ ɟʰãk gid̪i d̪ɔ ɘkinaʔ no̯͡a gʰɔʈɔnako ɲɛlɛt̪̚ʔkant̪ãhɛna.,d̪aɾe-ɾɛ d̪uɽup-kat̪ɛ mit̪ʔ ɟʰãk gid̪i d̪ɔ ɘkin-aʔ no̯͡a gʰɔʈɔna-ko ɲɛl-et̪ʔ-kan-t̪ãhɛ-n-a.,d̪aɾe-ɾɛ | d̪uɽup-kat̪ɛ | mit̪ʔ | ɟʰãk | gid̪i | d̪ɔ | ɘkin-aʔ | no̯͡a | gʰɔʈɔna-ko | ɲɛl-et̪ʔ-kan-t̪ãhɛ-n-a,tree-LOC | sit-CVB | one | group | vulture | DET | 3DU-GEN | DEM.PROX | event-3PL.OBJ | see-IPFV-PRS-be-?-FIN,miʔ = mit̪ʔ 'one'. Compound past progressive.
santali_glossed_1.eaf,15,14000,15000,[S2.6] বাঘ ও শুকর মরে গেলে শকুনেরা তাদের মাংস খাবে ভাবছিল।,"When the tiger and the pig would die, vultures were thinking about eating their flesh.",t̪ɘɾup̚ʔ aɾ suk̚ɾikin gɔʲc̚ʔlɛnkʰan gid̪ikod̪ɔ uŋkinaʔ ɟil jɔmko hud̪isɔʔkan t̪ahɛna.,t̪ɘɾup̚ʔ aɾ suk̚ɾi-kin gɔc̚ʔ-lɛn-kʰan gid̪i-ko d̪ɔ uŋkin-aʔ ɟil jɔm-ko hud̪is-ɔʔ-kan t̪ahɛ-n-a.,t̪ɘɾup̚ʔ | aɾ | suk̚ɾi-kin | gɔc̚ʔ-lɛn-kʰan | gid̪i-ko | d̪ɔ | uŋkin-aʔ | ɟil | jɔm-ko | hud̪is-ɔʔ-kan | t̪ahɛ-n-a,tiger | and | pig-3DU | die-M.PST.DU-COND | vulture-3PL | DET | 3DU-GEN | flesh | eat-3PL.A | think-MID-PRS | be-?-FIN,"-kʰan = conditional/temporal 'when, if'."
santali_glossed_1.eaf,16,15000,16000,[S2.7] একসময় বাঘ এটা বুঝতে পারলো এবং শুকরকে বললো।,At some point the tiger understood this and told the pig.,mit̪̚ʔ ɔk̚t̪ɛ t̪ɘɾup̚ʔ nɔa͡i̯ buɟʰhɘ͡o̯ked̪a aɾ suk̚ɾi.jɛ mɛt̪ade.ja.,mit̪ʔ ɔk̚t̪ɛ t̪ɘɾup̚ʔ no̯͡a-i̯ buɟʰhɘ͡o̯-ked-a aɾ suk̚ɾi-e mɛt̪-ad-e-a.,mit̪ʔ | ɔk̚t̪ɛ | t̪ɘɾup̚ʔ | no̯͡a-i̯ | buɟʰhɘ͡o̯-ked-a | aɾ | suk̚ɾi-e | mɛt̪-ad-e-a,one | time | tiger | DEM.PROX-3SG.A | understand-A.PST-FIN | and | pig-3SG.A | say-PRF-OBJ.3SG-FIN,-ad- benefactive/applied past.
santali_glossed_1.eaf,17,16000,17000,[S2.8] এরপর তারা ঝগড়া বন্ধ করে দুজনই পানি পান করলো এবং তৃষ্ণা মেটালো।,Then they stopped fighting and both drank water and quenched their thirst.,no̯͡a t̪a.jɔm unkin kɘpʰɘɾiɘ͡o̯ t̪ʰiɾkat̪ɛ banahɔɽge d̪aʔkin ɲu ked̪a aɾ t̪ɛt̪aŋkin maɾa͡o̯ked̪a.,no̯͡a t̪a.jɔm un-kin kɘpʰɘɾiɘ͡o̯ t̪ʰiɾ-kat̪ɛ bana-hɔɽ-ge d̪aʔ-kin ɲu-ked-a aɾ t̪ɛt̪aŋ-kin maɾa͡o̯-ked-a.,no̯͡a | t̪a.jɔm | un-kin | kɘpʰɘɾiɘ͡o̯ | t̪ʰiɾ-kat̪ɛ | bana-hɔɽ-ge | d̪aʔ-kin | ɲu-ked-a | aɾ | t̪ɛt̪aŋ-kin | maɾa͡o̯-ked-a,DEM.PROX | after | DEM-3DU | quarrel | stop-CVB | two-person-EMPH | water-3DU | drink-A.PST-FIN | and | thirst-3DU | satisfy-A.PST-FIN,
santali_glossed_1.eaf,18,17000,18000,[S3.1] মোবাইল দিয়ে সহজেই দূরের মানুষের সাথে কথা বলা যায়।,It is easy to talk to the distant people with a mobile.,mobaĭlt̪ɛ sɘŋgiɲɾɛn hɔɽ sã͡ɔ̯t̪ɛhɔ̃ kat̪ʰam ɾɔɽ d̪aɽe.jaʔa.,mobaĭl-t̪ɛ sɘŋgiɲ-ɾɛn hɔɽ sã͡ɔ̯t̪ɛ-hɔ̃ kat̪ʰa-m ɾɔɽ d̪aɽe-aʔ-a.,mobaĭl-t̪ɛ | sɘŋgiɲ-ɾɛn | hɔɽ | sã͡ɔ̯t̪ɛ-hɔ̃ | kat̪ʰa-m | ɾɔɽ | d̪aɽe-aʔ-a,mobile-INS | far-GEN.HUM | person | with-also | talk-2SG.A | speak | able-?-FIN,-m = 2SG agentive index? OR genitive linker; flagged as ?? in fine analysis.
santali_glossed_1.eaf,19,18000,19000,[S3.2] আত্নীয়-স্বজনের খোঁজখবর নেওয়া যায়।,Relatives can be inquired through mobile.,mobaĭlt̪ɛ pɛɽako̯͡aʔ boge ɟud̪ɘhɔm baɖa͡i̯ d̪aɽe.jaʔa.,mobaĭl-t̪ɛ pɛɽa-ko-aʔ boge ɟud̪ɘ-hɔm baɖa͡i̯ d̪aɽe-aʔ-a.,mobaĭl-t̪ɛ | pɛɽa-ko-aʔ | boge | ɟud̪ɘ-hɔm | baɖa͡i̯ | d̪aɽe-aʔ-a,mobile-INS | relative-3PL-GEN | good | news-also | know | able-?-FIN,ɟud̪ɘ-hɔm: -hɔm 'also'.
santali_glossed_1.eaf,20,19000,20000,"[S3.3] মোবাইলে গান শোনা যায়, ছবি তোলা যায়, সিনেমা ও নাটক দেখা যায়।","Mobile can be used to listen to music, take pictures and watch movies.","mobaĭlt̪ɛ seɾeɲ aɲɟɔmɔʔa, pʰɔʈɔ ɾakabɔʔa, senema aɾ naʈɔk̚ ɲɛlɔ.a.","mobaĭl-t̪ɛ seɾeɲ aɲɟɔm-ɔʔ-a, pʰɔʈɔ ɾakab-ɔʔ-a, senema aɾ naʈɔk̚ ɲɛl-ɔ-a.",mobaĭl-t̪ɛ | seɾeɲ | aɲɟɔm-ɔʔ-a | pʰɔʈɔ | ɾakab-ɔʔ-a | senema | aɾ | naʈɔk̚ | ɲɛl-ɔ-a,mobile-INS | song | listen-MID-FIN | photo | lift-MID-FIN | cinema | and | drama | see-MID-FIN,-ɔʔ-/-ɔ- middle/passive marker.
santali_glossed_1.eaf,21,20000,21000,[S3.4] এছাড়া হিসাব করা যায় ও সময় দেখা যায় মোবাইলে।,"Besides, numbers can be calculated and the time can be checked on the mobile.",mobaĭlt̪ɛm hisɘb d̪aɽeo̯͡aʔa aɾ ɔk̚t̪ɛhɔm baɖa͡i̯ d̪aɽe.jaʔa.,mobaĭl-t̪ɛ-m hisɘb d̪aɽe-o̯͡aʔ-a aɾ ɔk̚t̪ɛ-hɔm baɖa͡i̯ d̪aɽe-aʔ-a.,mobaĭl-t̪ɛ-m | hisɘb | d̪aɽe-o̯͡aʔ-a | aɾ | ɔk̚t̪ɛ-hɔm | baɖa͡i̯ | d̪aɽe-aʔ-a,mobile-INS-2SG | calculation | able-?-FIN | and | time-also | know | able-?-FIN,
santali_glossed_1.eaf,22,21000,22000,"[S3.5] প্রথম প্রথম দাম বেশি ছিল, তাই বেশিরভাগ মানুষ মোবাইল কিনতে পারতো না।",Initially the price was high so most people could not afford the mobile.,"pɘhil pɘhil d̪ɔ mobaĭlɾe.jaʔ d̪am ɘɖi ɟɘst̪i t̪ahɛ̃kana, ɔna i͡ɘt̪ɛ hɔɽd̪ɔ mobaĭl baku kiɾiɲ d̪aɽe.jaʔkant̪ahɛ̃na.","pɘhil pɘhil d̪ɔ mobaĭl-ɾe-aʔ d̪am ɘɖi ɟɘst̪i t̪ahɛ̃-kan-a, ɔna i͡ɘt̪ɛ hɔɽ d̪ɔ mobaĭl ba-ku kiɾiɲ d̪aɽe-aʔ-kan-t̪ahɛ̃-n-a.",pɘhil | pɘhil | d̪ɔ | mobaĭl-ɾe-aʔ | d̪am | ɘɖi | ɟɘst̪i | t̪ahɛ̃-kan-a | ɔna | i͡ɘt̪ɛ | hɔɽ | d̪ɔ | mobaĭl | ba-ku | kiɾiɲ | d̪aɽe-aʔ-kan-t̪ahɛ̃-n-a,first | first | DET | mobile-LOC-GEN | price | very | high | be-PRS-FIN | DEM.DIST | because | person | DET | mobile | NEG-3PL.A | buy | able-?-PRS-PST-?-FIN,-ɾe = LOC variant; baku = ba (NEG) + ku (3PL).
santali_glossed_1.eaf,23,22000,23000,[S3.6] তখন দোকানে গিয়ে টাকা দিয়ে কথা বলতে হতো।,"At that time, we had to go to the shop and talk with money.",unɾɛ d̪ɔkanɾɛ cala͡o̯kat̪ɛt̪̚ʔ ʈakat̪ɛ kat̪ʰa ɾɔɽ ho.joʔkan t̪ahɛ̃na.,un-ɾɛ d̪ɔkan-ɾɛ calaʔ-o-kat̪ɛ ʈaka-t̪ɛ kat̪ʰa ɾɔɽ ho.j-ɔʔ-kan t̪ahɛ̃-n-a.,un-ɾɛ | d̪ɔkan-ɾɛ | calaʔ-o-kat̪ɛ | ʈaka-t̪ɛ | kat̪ʰa | ɾɔɽ | ho.j-ɔʔ-kan | t̪ahɛ̃-n-a,DEM-LOC | shop-LOC | go-?-CVB | money-INS | talk | speak | happen-MID-PRS | be-?-FIN,
santali_glossed_1.eaf,24,23000,24000,[S3.7] কিন্তু এখন বেশিরভাগ মানুষের কাছেই মোবাইল আছে।,But now most people have mobile phones.,mɛnkʰan nit̪̚ d̪ɔ ɖʰeɾ hɔɽ ʈʰɛnge mobaĭl mena.a.,mɛnkʰan nit̪ʔ d̪ɔ ɖʰeɾ hɔɽ ʈʰɛn-ge mobaĭl mena-a.,mɛnkʰan | nit̪ʔ | d̪ɔ | ɖʰeɾ | hɔɽ | ʈʰɛn-ge | mobaĭl | mena-a,but | now | DET | many | person | DAT-EMPH | mobile | exist-FIN,mena = existential 'there is'.
santali_glossed_1.eaf,25,24000,25000,[S3.8] মোবাইলের মাধ্যমে এখন টাকা দেওয়া ও নেওয়া যায়।,Money can now be paid and received through mobile.,moba͡i̯ltege nit̪̚ d̪ɔ ʈaka kolo.a aɾ ʈaka ɲamɔ.a.,moba͡i̯l-te-ge nit̪ʔ d̪ɔ ʈaka kolo-a aɾ ʈaka ɲam-ɔ-a.,moba͡i̯l-te-ge | nit̪ʔ | d̪ɔ | ʈaka | kolo-a | aɾ | ʈaka | ɲam-ɔ-a,mobile-INS-EMPH | now | DET | money | send-FIN | and | money | get-MID-FIN,
santali_glossed_1.eaf,26,25000,26000,[S3.9] মোবাইলে ইন্টারনেট ব্যবহার করা/ চালানো যায়।,The Internet can be used/ run on mobile.,mobaĭlɾɛ inʈaɾneʈ̚hɔ̃ku bɛbɔhaɾa.,mobaĭl-ɾɛ inʈaɾneʈ̚-hɔ̃-ku bɛbɔhaɾ-a.,mobaĭl-ɾɛ | inʈaɾneʈ̚-hɔ̃-ku | bɛbɔhaɾ-a,mobile-LOC | internet-also-3PL.A | use-FIN,Loanword bɛbɔhaɾ < Beng. byabahār 'use'.
santali_glossed_1.eaf,27,26000,27000,[S3.10] ইন্টারনেটে/ অনলাইনে পড়াশোনা করা যায়।,We can even study on the internet/ online.,inʈaɾneʈ̚t̪ɛm ɔlɔʔ paɽha͡o̯ d̪aɽe.jaʔa.,inʈaɾneʈ̚-t̪ɛ-m ɔlɔʔ paɽha͡o̯ d̪aɽe-aʔ-a.,inʈaɾneʈ̚-t̪ɛ-m | ɔlɔʔ | paɽha͡o̯ | d̪aɽe-aʔ-a,internet-INS-2SG | read | study | able-?-FIN,
santali_glossed_1.eaf,28,27000,28000,[S4.1] একদিন একটা কাকের খুব পিপাসা/ পানির তৃষ্ণা পেল।,One day a crow got very thirsty for water.,mit̪̚ʔd̪in mĭt̪̚ʔʈɛn kɘhũ ɘɖiː ãːʈ t̪et̪aŋked̪e.ja.,mit̪ʔ-d̪in mit̪ʔ-ʈɛn kɘhũ ɘɖi ãːʈ t̪et̪aŋ-ked-e-a.,mit̪ʔ-d̪in | mit̪ʔ-ʈɛn | kɘhũ | ɘɖi | ãːʈ | t̪et̪aŋ-ked-e-a,one-day | one-CLF.HUM | crow | very | much | thirst-A.PST-OBJ.3SG-FIN,
santali_glossed_1.eaf,29,28000,29000,[S4.2] এদিকে ওইদিকে তাকিয়ে সে উঠানে একটি মাটির কলসি দেখতে পেল।,"Meanwhile, looking here and there, it saw an earthen pitcher in the yard.",hant̪ɛnat̪ɛ kɔ.jɔʔbaɽa kat̪ɛ unid̪ɔ ɾacaɾɛ mit̪̚ʔʈɛn hasaɾe.jaʔ kanɖa͡i̯ ɲɛlɲamked̪a.,hant̪ɛ-nat̪ɛ kɔ.j-ɔʔ-baɽa-kat̪ɛ uni d̪ɔ ɾaca-ɾɛ mit̪ʔ-ʈɛn hasa-ɾe-aʔ kanɖa-i̯ ɲɛl-ɲam-ked-a.,hant̪ɛ-nat̪ɛ | kɔ.j-ɔʔ-baɽa-kat̪ɛ | uni | d̪ɔ | ɾaca-ɾɛ | mit̪ʔ-ʈɛn | hasa-ɾe-aʔ | kanɖa-i̯ | ɲɛl-ɲam-ked-a,here-there | look-MID-around-CVB | 3SG.DEM | DET | yard-LOC | one-CLF.HUM | earth-LOC-GEN | pitcher-3SG.A | see-find-A.PST-FIN,ɲɛl-ɲam = compound V 'see-find'.
santali_glossed_1.eaf,30,29000,30000,[S4.3] কিন্তু পানি ছিল কলসির একেবারে নিচে/ তলায়।,But the water was at the bottom of the pitcher.,mɛnkʰan d̪aʔd̪ɔ t̪ahɛkana kanɖaɾe.jaʔ ɛkalt̪ɛ lat̪aɾ ɟalat̪̚ʔɾɛ.,mɛnkʰan d̪aʔ d̪ɔ t̪ahɛ-kan-a kanɖa-ɾe-aʔ ɛkal-t̪ɛ lat̪aɾ ɟalat̪ʔ-ɾɛ.,mɛnkʰan | d̪aʔ | d̪ɔ | t̪ahɛ-kan-a | kanɖa-ɾe-aʔ | ɛkal-t̪ɛ | lat̪aɾ | ɟalat̪ʔ-ɾɛ,but | water | DET | be-PRS-FIN | pitcher-LOC-GEN | completely-INS | below | bottom-LOC,
santali_glossed_1.eaf,31,30000,31000,[S4.4] এই কারণে কাক সেই পানি পান করতে পারলো না।,Because of this the crow could not drink that water.,ɔna kakʰant̪ɛ kɘhũd̪ɔ ɔna d̪aʔ ba͡i̯ ɲu d̪aɽɛ.jad̪a.,ɔna kakʰan-t̪ɛ kɘhũ d̪ɔ ɔna d̪aʔ ba͡i̯ ɲu d̪aɽɛ-ad-a.,ɔna | kakʰan-t̪ɛ | kɘhũ | d̪ɔ | ɔna | d̪aʔ | ba͡i̯ | ɲu | d̪aɽɛ-ad-a,DEM.DIST | reason-INS | crow | DET | DEM.DIST | water | NEG | drink | able-PRF-FIN,
santali_glossed_1.eaf,32,31000,32000,[S4.5] তখন কাকটি একটা উপায় বের করলো।,Then the crow thought of a way.,unɾɛ kɘhũd̪ɔ mit̪̚ʔʈɛn upɘ.jɛ uɖuŋked̪a.,un-ɾɛ kɘhũ d̪ɔ mit̪ʔ-ʈɛn upɘ.j-e uɖuŋ-ked-a.,un-ɾɛ | kɘhũ | d̪ɔ | mit̪ʔ-ʈɛn | upɘ.j-e | uɖuŋ-ked-a,DEM-LOC | crow | DET | one-CLF.HUM | way-3SG.A | bring.out-A.PST-FIN,
santali_glossed_1.eaf,33,32000,33000,[S4.6] সে ওই কলসির মধ্যে পাথরের টুকরো ফেলতে লাগলো।,It started throwing pieces of stone into that pitcher.,uni d̪ɔ ɔna kanɖa bʰit̪̚ɾiɾɛ d̪ʰiɾiɾe.jaʔ kuʈ̚ɾɘ giɖi͡i̯ laga͡o̯ɛna.,uni d̪ɔ ɔna kanɖa bʰit̪ɾi-ɾɛ d̪ʰiɾi-ɾe-aʔ kuʈ̚ɾɘ giɖi-i̯ laga͡o̯-en-a.,uni | d̪ɔ | ɔna | kanɖa | bʰit̪ɾi-ɾɛ | d̪ʰiɾi-ɾe-aʔ | kuʈ̚ɾɘ | giɖi-i̯ | laga͡o̯-en-a,3SG.DEM | DET | DEM.DIST | pitcher | inside-LOC | stone-LOC-GEN | piece | throw-EMPH | begin-M.PST-FIN,
santali_glossed_1.eaf,34,33000,34000,[S4.7] পাথর জমে জমে পানি কলসির মুখের কাছে চলে এলো।,The stones accumulated and the water came to the mouth of the pitcher.,d̪ʰiɾi kuʈ̚ɾɘ ɟɔma͡o̯ ɟɔma͡o̯t̪ɛ d̪aʔ d̪ɔ kanɖa ɾe.jaʔ mɔcaʈʰɛn hɛʲc̚ʔɛna.,d̪ʰiɾi kuʈ̚ɾɘ ɟɔma͡o̯ ɟɔma͡o̯-t̪ɛ d̪aʔ d̪ɔ kanɖa-ɾe-aʔ mɔca-ʈʰɛn hɛc̚ʔ-en-a.,d̪ʰiɾi | kuʈ̚ɾɘ | ɟɔma͡o̯ | ɟɔma͡o̯-t̪ɛ | d̪aʔ | d̪ɔ | kanɖa-ɾe-aʔ | mɔca-ʈʰɛn | hɛc̚ʔ-en-a,stone | piece | accumulate | accumulate-INF | water | DET | pitcher-LOC-GEN | mouth-DAT | come-M.PST-FIN,
santali_glossed_1.eaf,35,34000,35000,[S4.8] কাকটি তখন সেই পানি পান করলো।,The crow then drank that water.,kɘhũ d̪ɔ unɾɛ ɔna d̪aʔɛ ɲuː ked̪a.,kɘhũ d̪ɔ un-ɾɛ ɔna d̪aʔ-e ɲu-ked-a.,kɘhũ | d̪ɔ | un-ɾɛ | ɔna | d̪aʔ-e | ɲu-ked-a,crow | DET | DEM-LOC | DEM.DIST | water-3SG.A | drink-A.PST-FIN,
santali_glossed_1.eaf,36,35000,36000,[S5.1] বাংলাদেশ বহুভাষা ও বহুজাতির একটি দেশ।,Bangladesh is a multilingual and multi-racial country.,baŋlad̪es a͡i̯ma pɘɾsi aɾ a͡i̯ma ɟɘt̪i ɾe.jaʔ mit̪̚ʔʈɛn d̪isɘm.,baŋlad̪es a͡i̯ma pɘɾsi aɾ a͡i̯ma ɟɘt̪i ɾe-aʔ mit̪ʔ-ʈɛn d̪isɘm.,baŋlad̪es | a͡i̯ma | pɘɾsi | aɾ | a͡i̯ma | ɟɘt̪i | ɾe-aʔ | mit̪ʔ-ʈɛn | d̪isɘm,Bangladesh | many | language | and | many | ethnicity | LOC-GEN | one-CLF.HUM | country,Verbless predication.
santali_glossed_1.eaf,37,36000,37000,[S5.2] এই দেশে বাঙালি ছাড়াও প্রায় ৫০টি জাতির মানুষ বাস করে।,"In addition to the Bangalees, about 50 other nationalities live in this country.",no̯͡a d̪isɘmɾɛ baŋgali bɛgɔɾhɔ̃ noŋka mɔ̃ɽɛgɛlgɔʈɛn ɟɘt̪iɾɛn hɔɽko giɾɘbɘsiʔkana.,no̯͡a d̪isɘm-ɾɛ baŋgali bɛgɔɾ-hɔ̃ noŋka mɔ̃ɽɛ-gɛl-gɔʈɛn ɟɘt̪i-ɾɛn hɔɽ-ko giɾɘ-bɘsi-ɔʔ-kan-a.,no̯͡a | d̪isɘm-ɾɛ | baŋgali | bɛgɔɾ-hɔ̃ | noŋka | mɔ̃ɽɛ-gɛl-gɔʈɛn | ɟɘt̪i-ɾɛn | hɔɽ-ko | giɾɘ-bɘsi-ɔʔ-kan-a,DEM.PROX | country-LOC | Bengali | without-also | thus | five-ten-CLF.NHUM | ethnicity-GEN.HUM | person-3PL | settle-dwell-MID-PRS-FIN,mɔ̃ɽɛ-gɛl = 5×10 = 50 (vigesimal/decimal).
santali_glossed_1.eaf,38,37000,38000,[S5.3] বাঙালিদের মতো তাদেরও আলাদা ভাষা ও রীতিনীতি আছে।,"Like the Bangalees, they also have distinct languages and customs.",baŋgaliko lekage oŋko̯͡aʔhɔ̃ ɟud̪ɘ pɘɾsi aɾ ni.jɘm ɘɾi mena.a.,baŋgali-ko leka-ge oŋko-aʔ-hɔ̃ ɟud̪ɘ pɘɾsi aɾ ni.jɘm ɘɾi mena-a.,baŋgali-ko | leka-ge | oŋko-aʔ-hɔ̃ | ɟud̪ɘ | pɘɾsi | aɾ | ni.jɘm | ɘɾi | mena-a,Bengali-3PL | like-EMPH | 3PL-GEN-also | separate | language | and | rule | custom | exist-FIN,
santali_glossed_1.eaf,39,38000,39000,[S5.4] ব্যবহার কম হওয়ার কারণে অনেকগুলো ভাষা হারিয়ে যাচ্ছে।,Many languages are disappearing due to lack of usage.,bɛ͡o̯haɾ t̪ʰoɽa ho.joʔkan kakʰant̪ɛ a͡i̯ma pɘɾsiko ad̪ɔʔkana.,bɛ͡o̯haɾ t̪ʰoɽa ho.j-ɔʔ-kan kakʰan-t̪ɛ a͡i̯ma pɘɾsi-ko ad̪-ɔʔ-kan-a.,bɛ͡o̯haɾ | t̪ʰoɽa | ho.j-ɔʔ-kan | kakʰan-t̪ɛ | a͡i̯ma | pɘɾsi-ko | ad̪-ɔʔ-kan-a,use | little | happen-MID-PRS | reason-INS | many | language-3PL | lose-MID-PRS-FIN,
santali_glossed_1.eaf,40,39000,40000,[S5.5] নিজের ভাষায় পড়াশুনা করা শিশুদের জন্য জরুরি।,It is important for children to study in their own language.,gid̪ɾɛko lɘgit̪̚ʔ apnaɾ pɘɾsit̪ɛ ɔlɔʔ paɽha͡o̯ ɟɘɾuɽa.,gid̪ɾɛ-ko lɘgit̪ʔ apnaɾ pɘɾsi-t̪ɛ ɔlɔʔ paɽha͡o̯ ɟɘɾuɽ-a.,gid̪ɾɛ-ko | lɘgit̪ʔ | apnaɾ | pɘɾsi-t̪ɛ | ɔlɔʔ | paɽha͡o̯ | ɟɘɾuɽ-a,child-3PL | for | own | language-INS | read | study | necessary-FIN,
santali_glossed_1.eaf,41,40000,41000,[S5.6] শৈশবে মাতৃভাষায় পড়াশুনা না করলে পরে নিজের ভাষা আর শেখা হয় না।,"If one does not study in their mother language in childhood, one does not learn their own language later.",gid̪ɾɘ bid̪ɘlɾɛ gɔgɔ pɘɾsit̪ɛ ɔlɔʔ paɽha͡o̯ baŋ ho͡i̯lɛnkʰan t̪a.jɔmt̪ɛ apnaɾ pɘɾsi aɾ cet̪̚ʔ baŋ ho.joʔkana.,gid̪ɾɘ bid̪ɘl-ɾɛ gɔgɔ pɘɾsi-t̪ɛ ɔlɔʔ paɽha͡o̯ baŋ ho͡i̯-lɛn-kʰan t̪a.jɔm-t̪ɛ apnaɾ pɘɾsi aɾ cet̪ʔ baŋ ho.j-ɔʔ-kan-a.,gid̪ɾɘ | bid̪ɘl-ɾɛ | gɔgɔ | pɘɾsi-t̪ɛ | ɔlɔʔ | paɽha͡o̯ | baŋ | ho͡i̯-lɛn-kʰan | t̪a.jɔm-t̪ɛ | apnaɾ | pɘɾsi | aɾ | cet̪ʔ | baŋ | ho.j-ɔʔ-kan-a,child | time-LOC | mother | language-INS | read | study | NEG | happen-M.PST-COND | after-INS | own | language | more | learn | NEG | happen-MID-PRS-FIN,
santali_glossed_1.eaf,42,41000,42000,[S5.7] আমি আমার ভাষাকে ভালোবাসি।,I love my language.,iɲd̪ɔ iɲaʔ pɘɾsiɲ d̪ulɘɽaʔa.,iɲ d̪ɔ iɲ-aʔ pɘɾsi-ɲ d̪ulɘɽ-aʔ-a.,iɲ | d̪ɔ | iɲ-aʔ | pɘɾsi-ɲ | d̪ulɘɽ-aʔ-a,1SG | DET | 1SG-GEN | language-1SG.A | love-?-FIN,
santali_glossed_1.eaf,43,42000,43000,[S5.8] আমি আমার দেশকে ভালোবাসি।,I love my country.,iɲd̪ɔ iɲaʔ d̪isɘmiɲ d̪ulɘɽed̪a.,iɲ d̪ɔ iɲ-aʔ d̪isɘm-iɲ d̪ulɘɽ-ed-a.,iɲ | d̪ɔ | iɲ-aʔ | d̪isɘm-iɲ | d̪ulɘɽ-ed-a,1SG | DET | 1SG-GEN | country-1SG.A | love-IPFV-FIN,
santali_glossed_1.eaf,44,43000,44000,"[S5.9] ‌আমার সোনার বাংলা, আমি তোমায় ভালোবাসি।","My golden Bangla, I love you.",iɲaʔ sɔneɾ baŋla iɲd̪ɔ amiɲ d̪ulɘɽɛt̪̚ʔme.ja.,iɲ-aʔ sɔneɾ baŋla iɲ d̪ɔ am-iɲ d̪ulɘɽ-et̪ʔ-me-a.,iɲ-aʔ | sɔneɾ | baŋla | iɲ | d̪ɔ | am-iɲ | d̪ulɘɽ-et̪ʔ-me-a,1SG-GEN | golden | Bangla | 1SG | DET | 2SG-1SG.A | love-IPFV-OBJ.2SG-FIN,
santali_glossed_1.eaf,45,44000,45000,"[S5.10] কিছু ভাষা বাংলা বর্ণ ব্যবহার করে, কিছু ভাষা ইংরেজি/রোমান হরফ ব্যবহার করে এবং কিছু ভাষার নিজস্ব বর্ণ আছে।","Some languages use Bangalee fonts, some languages use English/Roman fonts, and some languages have their own fonts.","ad̪ɔm pɘɾsi baŋla akʰɔɾko bɛ͡o̯haɾa, ad̪ɔm pɘɾsi iŋɾeɟi sɛ ɾoman akʰɔɾko bɛ͡o̯haɾa, aɾ ad̪ɔm pɘɾsi.jaʔd̪ɔ apnaɾaʔ akʰɔɾ mena.a.","ad̪ɔm pɘɾsi baŋla akʰɔɾ-ko bɛ͡o̯haɾ-a, ad̪ɔm pɘɾsi iŋɾeɟi sɛ ɾoman akʰɔɾ-ko bɛ͡o̯haɾ-a, aɾ ad̪ɔm pɘɾsi-aʔ d̪ɔ apnaɾ-aʔ akʰɔɾ mena-a.",ad̪ɔm | pɘɾsi | baŋla | akʰɔɾ-ko | bɛ͡o̯haɾ-a | ad̪ɔm | pɘɾsi | iŋɾeɟi | sɛ | ɾoman | akʰɔɾ-ko | bɛ͡o̯haɾ-a | aɾ | ad̪ɔm | pɘɾsi-aʔ | d̪ɔ | apnaɾ-aʔ | akʰɔɾ | mena-a,some | language | Bangla | letter-3PL.OBJ | use-FIN | some | language | English | or | Roman | letter-3PL.OBJ | use-FIN | and | some | language-GEN | DET | own-GEN | letter | exist-FIN,
santali_glossed_1.eaf,46,45000,46000,[S6.1] বাবা একটি পরিবারের প্রধান ব্যক্তি/ মানুষ।,Father is the head person/ man of a family.,babad̪ɔ mit̪̚ʔʈɛn gʰaɾɔ̃ɟɾɛn mukʰi̯͡ɘ hɔɽ.,baba d̪ɔ mit̪ʔ-ʈɛn gʰaɾɔ̃ɟ-ɾɛn mukʰi̯͡ɘ hɔɽ.,baba | d̪ɔ | mit̪ʔ-ʈɛn | gʰaɾɔ̃ɟ-ɾɛn | mukʰi̯͡ɘ | hɔɽ,father | DET | one-CLF.HUM | household-GEN.HUM | main | person,Verbless predication.
santali_glossed_1.eaf,47,46000,47000,[S6.2] তিনি পরিবারের দেখাশোনা করেন।,He takes care of the family.,uni d̪ɔ gʰaɾɔɟɾe.jaʔɛ ɲɛɭbaɽa.ja.,uni d̪ɔ gʰaɾɔɟ-ɾe-aʔ-e ɲɛl-baɽa-a.,uni | d̪ɔ | gʰaɾɔɟ-ɾe-aʔ-e | ɲɛl-baɽa-a,3SG.DEM | DET | household-LOC-GEN-3SG.A | see-around-FIN,ɲɛɭ→ɲɛl typo fix.
santali_glossed_1.eaf,48,47000,48000,[S6.3] আমার বাবা কৃষি/ ক্ষেতে কাজ করে আয় করতেন।,My father used to earn by working in agricultural fields.,iɲbaba d̪ɔ kʰɛt̪ɾɛ kɘmikat̪ɛt̪̚ʔɛ kɘmhɘ.jɛt̪̚ʔkant̪ahɛ̃na.,iɲ-baba d̪ɔ kʰɛt̪-ɾɛ kɘmi-kat̪ɛ-e kɘmhɘ.j-et̪ʔ-kan-t̪ahɛ̃-n-a.,iɲ-baba | d̪ɔ | kʰɛt̪-ɾɛ | kɘmi-kat̪ɛ-e | kɘmhɘ.j-et̪ʔ-kan-t̪ahɛ̃-n-a,1SG-father | DET | field-LOC | work-CVB-3SG.A | earn-IPFV-PRS-PST-?-FIN,
santali_glossed_1.eaf,49,48000,49000,[S6.4] বাবার কাছ থেকে আমি পড়তে ও লিখতে শিখেছি।,I have learned to read and write from my father.,babaʈʰɛnkʰɔn iɲd̪ɔ ɔlɔʔ aɾ paɽha͡ɔ̯iɲ cit̪̚ʔakad̪a.,baba-ʈʰɛn-kʰɔn iɲ d̪ɔ ɔlɔʔ aɾ paɽha͡ɔ̯-iɲ cit̪ʔ-akad-a.,baba-ʈʰɛn-kʰɔn | iɲ | d̪ɔ | ɔlɔʔ | aɾ | paɽha͡ɔ̯-iɲ | cit̪ʔ-akad-a,father-DAT-ABL | 1SG | DET | read | and | study-1SG.A | learn-PRF-FIN,
santali_glossed_1.eaf,50,49000,50000,[S6.5] মাঝে মাঝে স্কুল ছুটি হলে দেখতাম — বাবা আমার জন্য স্কুলের বাইরে দাঁড়িয়ে আছেন।,"Sometimes when the school hours were over, I saw my father standing outside the school for me.",ɔk̚t̪ɛ ɔk̚t̪ɛ iskul cʰuʈilɛnkʰan ɲɛlɘɲ baba d̪ɔ iɲlɘgit̪̚ʔ iskul baɾhɛɾɛ͡i̯ t̪eŋgo.ăkana.,ɔk̚t̪ɛ ɔk̚t̪ɛ iskul cʰuʈi-lɛn-kʰan ɲɛl-ɘ-ɲ baba d̪ɔ iɲ-lɘgit̪ʔ iskul baɾhɛ-ɾɛ-i̯ t̪eŋgo-akan-a.,ɔk̚t̪ɛ | ɔk̚t̪ɛ | iskul | cʰuʈi-lɛn-kʰan | ɲɛl-ɘ-ɲ | baba | d̪ɔ | iɲ-lɘgit̪ʔ | iskul | baɾhɛ-ɾɛ-i̯ | t̪eŋgo-akan-a,time | time | school | leave-M.PST-COND | see-?-1SG.A | father | DET | 1SG-for | school | outside-LOC-EMPH | stand-PRF-FIN,
santali_glossed_1.eaf,51,50000,51000,[S6.6] পরীক্ষায় ভালো ফল করার পর বাবার চোখে পানি দেখেছিলাম।,I saw tears in my father's eyes after getting good results in the exam.,biɖɘ͡o̯ɾɛ bʰage ɾeɟal t̪a.jɔm babaɔ̯͡aʔ mɛ̃t̪̚ʔd̪aʔiɲ ɲɛl lɛd̪a.,biɖɘ͡o̯-ɾɛ bʰage ɾeɟal t̪a.jɔm baba-aʔ mɛt̪ʔ-d̪aʔ-iɲ ɲɛl-lɛd-a.,biɖɘ͡o̯-ɾɛ | bʰage | ɾeɟal | t̪a.jɔm | baba-aʔ | mɛt̪ʔ-d̪aʔ-iɲ | ɲɛl-lɛd-a,exam-LOC | good | result | after | father-GEN | eye-water-1SG.A | see-A.PST-FIN,babaɔ̯͡aʔ→baba-aʔ; mɛt̪ʔd̪aʔ = 'eye-water' (compound for 'tears').
santali_glossed_1.eaf,52,51000,52000,[S6.7] তখন জানতাম না অনেকে আনন্দ পেলেও কাঁদে।,I did not know that many people cry even when they are happy.,unɾɛ bɘɲbaɖa͡i̯kant̪ahɛ̃na a͡i̯mahɔɽ ɾɘskɘlɛnkʰanhɔ̃ ku ɾaːga.,un-ɾɛ bɘɲ-baɖa͡i̯-kan-t̪ahɛ̃-n-a a͡i̯ma hɔɽ ɾɘskɘ-lɛn-kʰan-hɔ̃ ku-ɾaː-g-a.,un-ɾɛ | bɘɲ-baɖa͡i̯-kan-t̪ahɛ̃-n-a | a͡i̯ma | hɔɽ | ɾɘskɘ-lɛn-kʰan-hɔ̃ | ku-ɾaː-g-a,DEM-LOC | NEG-know-PRS-PST-?-FIN | many | person | happy-M.PST-COND-also | 3PL-cry-EMPH-FIN,bɘɲ = 1SG.NEG; ku- 3PL prefixed.
santali_glossed_1.eaf,53,52000,53000,[S6.8] বাবা নিজে বেশি পড়ালেখা করতে পারেননি।,Father himself could not study much.,baba aʲc̚ʔt̪ɛt̪̚ʔhɔ̃ ɟɘst̪i ba͡i̯ ɔlɔʔ paɽha͡o̯ d̪aɽe.jakad̪a.,baba aʲc̚ʔ-t̪ɛ-t̪ʔ-hɔ̃ ɟɘst̪i ba͡i̯ ɔlɔʔ paɽha͡o̯ d̪aɽe-akad-a.,baba | aʲc̚ʔ-t̪ɛ-t̪ʔ-hɔ̃ | ɟɘst̪i | ba͡i̯ | ɔlɔʔ | paɽha͡o̯ | d̪aɽe-akad-a,father | self-INS-EMPH-also | much | NEG | read | study | able-PRF-FIN,aʲc̚ʔ = REFL 'self'.
santali_glossed_1.eaf,54,53000,54000,[S6.9] কিন্তু তিনি চেয়েছিলেন আমি এমএ পাস করি।,But he wanted me to pass MA.,mɛnkʰan uni͡i̯ kʰɔɟlɛna iɲ e.meɲ pas ma.,mɛnkʰan uni-i̯ kʰɔɟ-lɛn-a iɲ e.me-ɲ pas-m-a.,mɛnkʰan | uni-i̯ | kʰɔɟ-lɛn-a | iɲ | e.me-ɲ | pas-m-a,but | 3SG.DEM-EMPH | want-M.PST-FIN | 1SG | MA-1SG.A | pass-?-FIN,
santali_glossed_1.eaf,55,54000,55000,[S6.10] তিনি মাঝে মাঝে রান্নার কাজে মাকে সহায়তা করতেন।,He sometimes helped my mother in cooking.,uni ɔk̚t̪ɛ ɔk̚t̪ɛ d̪akaut̪u kɘmiɾɛ gɔgɔhɔ̃.jɛ gɔɽɔ.a͡i̯kan t̪ahɛ̃na.,uni ɔk̚t̪ɛ ɔk̚t̪ɛ d̪aka-ut̪u kɘmi-ɾɛ gɔgɔ-hɔ̃-e gɔɽɔ-a͡i̯-kan t̪ahɛ̃-n-a.,uni | ɔk̚t̪ɛ | ɔk̚t̪ɛ | d̪aka-ut̪u | kɘmi-ɾɛ | gɔgɔ-hɔ̃-e | gɔɽɔ-a͡i̯-kan | t̪ahɛ̃-n-a,3SG.DEM | time | time | rice-curry | work-LOC | mother-also-3SG.A | help-OBJ.3SG-PRS | be-?-FIN,d̪aka-ut̪u = 'rice-curry' (cooking).
santali_glossed_1.eaf,56,55000,56000,[S6.11] বাবা যখন বৃদ্ধ হয়েছিলেন তখন আমি তার যত্ন করেছি।,I took care of father when he got old.,baba t̪inɾɛ͡i̯ haɽam lena unɾɛ iɲ uniɲ ɟɔt̪ɔnăkadi.ja.,baba t̪in-ɾɛ-i̯ haɽam-len-a un-ɾɛ iɲ uni-ɲ ɟɔt̪ɔn-akad-i-a.,baba | t̪in-ɾɛ-i̯ | haɽam-len-a | un-ɾɛ | iɲ | uni-ɲ | ɟɔt̪ɔn-akad-i-a,father | when-LOC-EMPH | old-M.PST-FIN | DEM-LOC | 1SG | 3SG.DEM-1SG.A | care-PRF-OBJ.3SG-FIN,
santali_glossed_1.eaf,57,56000,57000,[S6.12] শিশুকাল থেকেই বাবা আমার কাছে অনুসরণযোগ্য মানুষ।,"From my childhood, my father was a person I could follow.",kɘʈiʲc̚ʔkʰɔnge baba d̪ɔ iɲɾɛn paɲɟalek hɔɽ kana͡i̯.,kɘʈiʲc̚ʔ-kʰɔn-ge baba d̪ɔ iɲ-ɾɛn paɲɟa-lek hɔɽ kan-a-i̯.,kɘʈiʲc̚ʔ-kʰɔn-ge | baba | d̪ɔ | iɲ-ɾɛn | paɲɟa-lek | hɔɽ | kan-a-i̯,small-ABL-EMPH | father | DET | 1SG-GEN.HUM | follow-like | person | COP-FIN-3SG,kana͡i̯ = copula 'is.he'.
santali_glossed_1.eaf,58,57000,58000,[S6.13] বাবাকে মনে পড়লে এখনও আমার কান্না পায়।,I still feel like crying when I remember my father.,baba͡i̯ɲ d̪isɘlekʰan nit̪̚hɔ̃ iɲ ɾaʔ ɾaʔiɲ ɘ͡i̯kɘo̯͡͡a.,baba-iɲ d̪isɘ-lek-han nit̪ʔ-hɔ̃ iɲ ɾaʔ-ɾaʔ-iɲ ɘ͡i̯kɘ-o̯a.,baba-iɲ | d̪isɘ-lek-han | nit̪ʔ-hɔ̃ | iɲ | ɾaʔ-ɾaʔ-iɲ | ɘ͡i̯kɘ-o̯a,father-1SG.A | remember-like-COND | now-also | 1SG | cry-RDP-1SG.A | feel-FIN,
santali_glossed_1.eaf,59,58000,59000,[S6.14] আমি আমার বাবাকে নিয়ে গর্ব করি।,I feel proud of my father.,iɲd̪ɔ iɲ baba ni̯͡͡ɘt̪ɛɲ gɔɾɔbɔʔkana.,iɲ d̪ɔ iɲ baba ni̯͡ɘ-t̪ɛ-ɲ gɔɾɔb-ɔʔ-kan-a.,iɲ | d̪ɔ | iɲ | baba | ni̯͡ɘ-t̪ɛ-ɲ | gɔɾɔb-ɔʔ-kan-a,1SG | DET | 1SG | father | regarding-INS-1SG.A | proud-MID-PRS-FIN,
santali_glossed_1.eaf,60,59000,60000,[S6.15] আমি চাই — আমার সন্তানও আমাকে নিয়ে গর্ব করুক।,I want my child to be proud of me too.,iɲiɲ kʰɔɟɔʔkana iɲɾɛn gid̪ɾɘhɔ̃ iɲ ni̯͡ɘt̪ɛ gɔɾɔb oco̯͡a.,iɲ-iɲ kʰɔɟ-ɔʔ-kan-a iɲ-ɾɛn gid̪ɾɘ-hɔ̃ iɲ ni̯͡ɘ-t̪ɛ gɔɾɔb oco-a.,iɲ-iɲ | kʰɔɟ-ɔʔ-kan-a | iɲ-ɾɛn | gid̪ɾɘ-hɔ̃ | iɲ | ni̯͡ɘ-t̪ɛ | gɔɾɔb | oco-a,1SG-1SG.A | want-MID-PRS-FIN | 1SG-GEN.HUM | child-also | 1SG | regarding-INS | proud | CAUS-FIN,
santali_glossed_1.eaf,61,60000,61000,"[S7.1] ভাতিজা: [নমস্কার] কাকা, কেমন আছেন?","Nephew: [Greetings] Uncle, how are you?","ɟohaɾ hɔpɔnba, cɛt̪̚ʔlɛka mɛnama?","ɟohaɾ hɔpɔn-ba, cɛt̪ʔ-lɛka mena-m-a?",ɟohaɾ | hɔpɔn-ba | cɛt̪ʔ-lɛka | mena-m-a,greetings | son-father | what-like | exist-2SG-FIN,hɔpɔn-ba 'son-father' = uncle (kinship term).
santali_glossed_1.eaf,62,61000,62000,[S7.2] কাকা: ভালো আছি বাবা।,Uncle: I am fine my son.,mɔɟge minɘɲɘ bɘbu.,mɔɟ-ge mena-iɲ-a bɘbu.,mɔɟ-ge | mena-iɲ-a | bɘbu,good-EMPH | exist-1SG-FIN | son,minɘɲɘ→mena-iɲ-a normalized.
santali_glossed_1.eaf,63,62000,63000,[S7.3] কাকা: তুমি কেমন আছো?,Uncle: How are you?,am cɛt̪̚ʔlɛka mɛnama?,am cɛt̪ʔ-lɛka mena-m-a?,am | cɛt̪ʔ-lɛka | mena-m-a,2SG | what-like | exist-2SG-FIN,
santali_glossed_1.eaf,64,63000,64000,[S7.4] কাকা: তোমার বাবা-মা কেমন আছেন?,Uncle: How are your parents?,amɾɛn gɔgɔbaba cɛt̪̚ʔlɛka menaʔkinɘ?,am-ɾɛn gɔgɔ-baba cɛt̪ʔ-lɛka mena-kin-a?,am-ɾɛn | gɔgɔ-baba | cɛt̪ʔ-lɛka | mena-kin-a,2SG-GEN.HUM | mother-father | what-like | exist-3DU-FIN,
santali_glossed_1.eaf,65,64000,65000,[S7.5] ভাতিজা: আমরা সবাই ভালো আছি।,Nephew: We are all fine.,alɛ ɟɔt̪ɔhɔɽ mɔ̃ɟge menaʔle.ja.,alɛ ɟɔt̪ɔ-hɔɽ mɔ̃ɟ-ge mena-le-a.,alɛ | ɟɔt̪ɔ-hɔɽ | mɔ̃ɟ-ge | mena-le-a,1PL.EXCL | all-person | good-EMPH | exist-1PL.EXCL-FIN,
santali_glossed_1.eaf,66,65000,66000,"[S7.6] ভাতিজা: দাদি কেমন আছেন, কাকা?","Nephew: How is grandmother, Uncle?",buɖigɔ cɛt̪̚ʔlɛka mena.ja hɔpɔnba?,buɖi-gɔ cɛt̪ʔ-lɛka mena-a hɔpɔn-ba?,buɖi-gɔ | cɛt̪ʔ-lɛka | mena-a | hɔpɔn-ba,old.woman-GO | what-like | exist-FIN | son-father,buɖi-gɔ ≈ grandmother (kinship).
santali_glossed_1.eaf,67,66000,67000,[S7.7] কাকা: তিনি গতকাল থেকে অসুস্থ।,Uncle: She is sick since yesterday.,hɔlakʰɔn uni͡i̯ ɾu̯͡ɘʔkana.,hɔla-kʰɔn uni-i̯ ɾu̯͡ɘ-ɔʔ-kan-a.,hɔla-kʰɔn | uni-i̯ | ɾu̯͡ɘ-ɔʔ-kan-a,yesterday-ABL | 3SG.DEM-EMPH | sick-MID-PRS-FIN,
santali_glossed_1.eaf,68,67000,68000,[S7.8] কাকা: ভাবছি আজ তাকে ডাক্তারের কাছে নিয়ে যাবো।,Uncle: I think I will take her to the doctor today.,gunɘnɔʔkɘnɘɲ t̪eheɲ uni ɖakt̪aɾʈʰɛniɲ idi͡i̯.ja.,gunɘn-ɔʔ-kan-a-iɲ t̪eheɲ uni ɖakt̪aɾ-ʈʰɛn-iɲ idi-i̯-a.,gunɘn-ɔʔ-kan-a-iɲ | t̪eheɲ | uni | ɖakt̪aɾ-ʈʰɛn-iɲ | idi-i̯-a,think-MID-PRS-FIN-1SG | today | 3SG.DEM | doctor-DAT-1SG.A | take-FUT-FIN,
santali_glossed_1.eaf,69,68000,69000,[S7.9] ভাতিজা: সেটাই ভালো হবে।,Nephew: That would be good.,ɔnage bʰage ho.jo.a.,ɔna-ge bʰage ho.j-o-a.,ɔna-ge | bʰage | ho.j-o-a,DEM.DIST-EMPH | good | happen-FUT-FIN,
santali_glossed_1.eaf,70,69000,70000,[S7.10] ভাতিজা: কোনো কিছুর দরকার হলে আমাদের জানাবেন।,Nephew: Let us know if you need anything.,ɟahanaʔ ɟɘɾuɽɔʔkʰan alɛm baɖa͡i̯ŏcole.ja.,ɟahanaʔ ɟɘɾuɽ-ɔʔ-kʰan alɛ-m baɖa͡i̯-oco-le-a.,ɟahanaʔ | ɟɘɾuɽ-ɔʔ-kʰan | alɛ-m | baɖa͡i̯-oco-le-a,something | necessary-MID-COND | 1PL.EXCL-2SG.A | know-CAUS-1PL.EXCL.OBJ-FIN,
santali_glossed_1.eaf,71,70000,71000,"[S7.11] কাকা: আচ্ছা, জানাবো।","Uncle: Alright, I will let you know.",ac.cʰaɲ baɖa͡i̯ocope.ja.,ac.cʰa-ɲ baɖa͡i̯-oco-pe-a.,ac.cʰa-ɲ | baɖa͡i̯-oco-pe-a,alright-1SG.A | know-CAUS-2PL.OBJ-FIN,-pe = 2PL object index.
santali_glossed_1.eaf,72,71000,72000,[S7.12] কাকা: তোমার বাবা-মাকে বলে দিও তোমার দাদি অসুস্থ।,Uncle: Tell your parents your grandmother is ill.,amɾɛn gɔgɔbaba lɘ.jakinmɛ ambuɖigɔ͡i̯ ɾu̯͡ɘʔkana.,am-ɾɛn gɔgɔ-baba lɘ.j-akin-me am-buɖi-gɔ-i̯ ɾu̯͡ɘ-ɔʔ-kan-a.,am-ɾɛn | gɔgɔ-baba | lɘ.j-akin-me | am-buɖi-gɔ-i̯ | ɾu̯͡ɘ-ɔʔ-kan-a,2SG-GEN.HUM | mother-father | tell-3DU.OBJ-2SG.IMP | 2SG-old.woman-GO-EMPH | sick-MID-PRS-FIN,
santali_glossed_1.eaf,73,72000,73000,[S7.13] কাকা: তাদেরকে আসতে বলিও।,Uncle: Tell them to come.,uŋkinhɔ̃ hiɟuʔmɛt̪a͡o̯ăkinmɛ.,uŋkin-hɔ̃ hiɟuʔ-mɛt̪a͡o̯-akin-me.,uŋkin-hɔ̃ | hiɟuʔ-mɛt̪a͡o̯-akin-me,3DU-also | come-tell-3DU.OBJ-2SG.IMP,hiɟuʔ 'come' + mɛt̪a͡o̯ 'tell.to' compound.
santali_glossed_1.eaf,74,73000,74000,[S7.14] ভাতিজা: অবশ্যই বলবো।,Nephew: Of course I will tell them.,ɟɘɾuɽgeʲɲ lɘ͡i̯.akina.,ɟɘɾuɽ-ge-ɲ lɘ.j-akin-a.,ɟɘɾuɽ-ge-ɲ | lɘ.j-akin-a,necessary-EMPH-1SG.A | tell-3DU.OBJ-FIN,
santali_glossed_1.eaf,75,74000,75000,[S7.15] ভাতিজা: সামনে আমার পরীক্ষা।,Nephew: My exam is ahead.,t̪ʰɔɽad̪in bʰit̪̚ɾiɾigi iɲaʔ biɖɘ͡o̯ ɛhɔbɔʔa.,t̪ʰɔɽa-d̪in bʰit̪ɾi-ɾi-gi iɲ-aʔ biɖɘ͡o̯ ɛhɔb-ɔʔ-a.,t̪ʰɔɽa-d̪in | bʰit̪ɾi-ɾi-gi | iɲ-aʔ | biɖɘ͡o̯ | ɛhɔb-ɔʔ-a,few-day | inside-LOC-EMPH | 1SG-GEN | exam | begin-MID-FIN,
santali_glossed_1.eaf,76,75000,76000,[S7.16] ভাতিজা: আমার জন্য আর্শীবাদ/প্রার্থনা করবেন।,Nephew: Pray for me.,iɲlɘgit̪̚ʔ bint̪i͡i̯mɛ.,iɲ-lɘgit̪ʔ bint̪i-i̯-me.,iɲ-lɘgit̪ʔ | bint̪i-i̯-me,1SG-for | pray-EMPH-2SG.IMP,
santali_glossed_1.eaf,77,76000,77000,[S7.17] কাকা: ভালোমতো পড়াশুনা করো।,Uncle: Study well.,bʰaget̪ɛ paɽhaʔmɛ.,bʰage-t̪ɛ paɽha-ʔ-me.,bʰage-t̪ɛ | paɽha-ʔ-me,good-INS | study-MID-2SG.IMP,
santali_glossed_1.eaf,78,77000,78000,[S8.1] অর্ক: অনেকদিন থেকে আমাদের এলাকায় কোনো উৎসব হয় না।,Arka: For many days there happens no festival in our locality.,a͡imad̪inkʰɔn alɛ ʈoʈʰaɾɛ ɟahan pɔɾɔb baŋ hojoʔkana.,a͡ima-d̪in-kʰɔn alɛ ʈoʈʰa-ɾɛ ɟahan pɔɾɔb baŋ ho.j-ɔʔ-kan-a.,a͡ima-d̪in-kʰɔn | alɛ | ʈoʈʰa-ɾɛ | ɟahan | pɔɾɔb | baŋ | ho.j-ɔʔ-kan-a,many-day-ABL | 1PL.EXCL | locality-LOC | any | festival | NEG | happen-MID-PRS-FIN,
santali_glossed_1.eaf,79,78000,79000,"[S8.2] অর্ক: চলো, আমরা একটা উৎসবের আয়োজন করি।","Arka: Come on, let's organize a festival.","d̪ɛla, abo mit̪̚ʔʈɛn pɔɾɔbbon sapɽa͡o̯kat̪̚ʔlege.","d̪ɛla, abo mit̪ʔ-ʈɛn pɔɾɔb-bon sapɽa͡o̯-kat̪ʔ-le-ge.",d̪ɛla | abo | mit̪ʔ-ʈɛn | pɔɾɔb-bon | sapɽa͡o̯-kat̪ʔ-le-ge,come.HORT | 1PL.INCL | one-CLF.HUM | festival-1PL.INCL.A | arrange-CVB-1PL.EXCL-EMPH,abo = 1PL.INCL; -bon = 1PL.INCL agentive.
santali_glossed_1.eaf,80,79000,80000,"[S8.3] প্রদীপ: হ্যাঁ, এটা একটা দারুণ চিন্তা।","Pradeep: Yes, it's a great/good idea.","hɛ̃ː, no̯͡a d̪ɔ mit̪̚ʔʈɛn bʰage hudis.","hɛ̃, no̯͡a d̪ɔ mit̪ʔ-ʈɛn bʰage hudis.",hɛ̃ | no̯͡a | d̪ɔ | mit̪ʔ-ʈɛn | bʰage | hudis,yes | DEM.PROX | DET | one-CLF.HUM | good | thought,
santali_glossed_1.eaf,81,80000,81000,[S8.4] প্রদীপ: তুমি কি এটা নিয়ে কিছু ভেবেছ?,Pradeep: Have you thought about it?,amd̪ɔ cɛt̪̚ʔ no̯͡a ni̯͡ɘt̪ɛ ɟahanaʔɛm ganɖɔnakad̪a?,am d̪ɔ cɛt̪ʔ no̯͡a ni̯͡ɘ-t̪ɛ ɟahanaʔ-e-m ganɖɔn-akad-a?,am | d̪ɔ | cɛt̪ʔ | no̯͡a | ni̯͡ɘ-t̪ɛ | ɟahanaʔ-e-m | ganɖɔn-akad-a,2SG | DET | Q | DEM.PROX | regarding-INS | something-3SG.OBJ-2SG.A | think-PRF-FIN,
santali_glossed_1.eaf,82,81000,82000,[S8.5] প্রদীপ: উৎসবে কী কী থাকবে?,Pradeep: What will be in the festival?,pɔɾɔbɾɛ cɛt̪̚ʔ cɛt̪̚ʔ t̪ahɛ̃na?,pɔɾɔb-ɾɛ cɛt̪ʔ cɛt̪ʔ t̪ahɛ̃-n-a?,pɔɾɔb-ɾɛ | cɛt̪ʔ | cɛt̪ʔ | t̪ahɛ̃-n-a,festival-LOC | what | what | be-?-FIN,
santali_glossed_1.eaf,83,82000,83000,[S8.6] অর্ক: উৎসবে নাচ-গান থাকবে।,Arka: The festival will include dancing and singing.,pɔɾɔbɾɛ ɛnɛʲc̚ʔ seɾeɲ t̪ahɛna.,pɔɾɔb-ɾɛ ɛnɛc̚ʔ seɾeɲ t̪ahɛ-n-a.,pɔɾɔb-ɾɛ | ɛnɛc̚ʔ | seɾeɲ | t̪ahɛ-n-a,festival-LOC | dance | song | be-?-FIN,
santali_glossed_1.eaf,84,83000,84000,[S8.7] অর্ক: সেই সাথে একটা ফুটবল ম্যাচ থাকবে।,Arka: There will also be a football match.,ɔna sa͡ɔ̯t̪ɛ miʔʈɛn pʰuʈbɔl kʰilɘʈ t̪ahɛ̃na.,ɔna sa͡ɔ̯-t̪ɛ mit̪ʔ-ʈɛn pʰuʈbɔl kʰilɘʈ t̪ahɛ̃-n-a.,ɔna | sa͡ɔ̯-t̪ɛ | mit̪ʔ-ʈɛn | pʰuʈbɔl | kʰilɘʈ | t̪ahɛ̃-n-a,DEM.DIST | with-INS | one-CLF.HUM | football | match | be-?-FIN,
santali_glossed_1.eaf,85,84000,85000,[S8.8] অর্ক: ফুটবল ম্যাচটি হবে বিবাহিত এবং অবিবাহিতদের মধ্যে।,Arka: The football match will be between the married and the unmarried.,pʰuʈbɔl kʰilɘʈ d̪ɔ ho.jo.a bap̚laɔ͡͡akan aɾ ɖɘŋu̯͡ɘku t̪alaɾɛ.,pʰuʈbɔl kʰilɘʈ d̪ɔ ho.j-o-a bap̚la-akan aɾ ɖɘŋu̯͡ɘ-ku t̪ala-ɾɛ.,pʰuʈbɔl | kʰilɘʈ | d̪ɔ | ho.j-o-a | bap̚la-akan | aɾ | ɖɘŋu̯͡ɘ-ku | t̪ala-ɾɛ,football | match | DET | happen-FUT-FIN | marry-PRF | and | bachelor-3PL | middle-LOC,
santali_glossed_1.eaf,86,85000,86000,[S8.9] প্রদীপ: এই উৎসব কবে এবং কোথায় করা যায়?,Pradeep: When and where can this festival be held?,nɔ̯͡a pɔɾɔp̚ t̪is aɾ ɔkaɾɛ ho͡i̯ oco d̪aɽeja.a.,no̯͡a pɔɾɔp̚ t̪is aɾ ɔka-ɾɛ ho͡i̯-oco d̪aɽe-a-a.,no̯͡a | pɔɾɔp̚ | t̪is | aɾ | ɔka-ɾɛ | ho͡i̯-oco | d̪aɽe-a-a,DEM.PROX | festival | when | and | where-LOC | happen-CAUS | able-FIN-FIN,
santali_glossed_1.eaf,87,86000,87000,[S8.10] অর্ক: ছুটির দিনে আয়োজন করলে আমরা আমাদের স্কুলের মাঠটি ব্যবহার করতে পারবো।,Arka: We can use the school grounds if we organize on holidays.,cʰuʈi hilɘʔ sapɽa͡ɔ̯lɛkʰan abu iskulɾe.jaʔ maʈʰbun bɛbɔhaɾ d̪aɽe.jaʔa.,cʰuʈi hilɘʔ sapɽa͡ɔ̯-lɛn-kʰan abu iskul-ɾe-aʔ maʈʰ-bun bɛbɔhaɾ d̪aɽe-aʔ-a.,cʰuʈi | hilɘʔ | sapɽa͡ɔ̯-lɛn-kʰan | abu | iskul-ɾe-aʔ | maʈʰ-bun | bɛbɔhaɾ | d̪aɽe-aʔ-a,holiday | day | arrange-M.PST-COND | 1PL.INCL | school-LOC-GEN | ground-1PL.INCL.A | use | able-?-FIN,
santali_glossed_1.eaf,88,87000,88000,[S8.11] প্রদীপ: আমাদের উৎসবে স্কুলকে সাথে রাখা দরকার।,Pradeep: We need to include the school in our festival.,abu̯͡aʔ pɔɾɔbɾɛ iskuld̪ɔ sã͡ot̪ɛ d̪ɔhɔ ɟɘɾuɽa.,abu-aʔ pɔɾɔb-ɾɛ iskul d̪ɔ sã͡o-t̪ɛ d̪ɔhɔ ɟɘɾuɽ-a.,abu-aʔ | pɔɾɔb-ɾɛ | iskul | d̪ɔ | sã͡o-t̪ɛ | d̪ɔhɔ | ɟɘɾuɽ-a,1PL.INCL-GEN | festival-LOC | school | DET | with-INS | keep | necessary-FIN,
santali_glossed_1.eaf,89,88000,89000,"[S8.12] প্রদীপ: কারণ, স্কুলের ছাত্রছাত্রীরা আমাদের সাহায্য করতে পারবে।",Pradeep: Because school students could help us.,ced̪aʔsɛ iskulɾɛn gid̪ɾɘko aboko gɔɽɔ d̪aɽe͡o̯ɘ̆bona.,ced̪aʔ-sɛ iskul-ɾɛn gid̪ɾɘ-ko abo-ko gɔɽɔ d̪aɽe-o̯-bon-a.,ced̪aʔ-sɛ | iskul-ɾɛn | gid̪ɾɘ-ko | abo-ko | gɔɽɔ | d̪aɽe-o̯-bon-a,because-or | school-GEN.HUM | child-3PL | 1PL.INCL-3PL.A | help | able-FUT-1PL.INCL.OBJ-FIN,
santali_glossed_1.eaf,90,89000,90000,[S8.13] অর্ক: তাহলে স্কুলের প্রধান শিক্ষকের সাথে কথা বলতে হবে।,Arka: So we will have to talk to the headmaster of the school.,t̪ahalɛ iskulɾɛn maɾaŋ mahasɔ͡i̯ sãot̪ɛ katʰa ɾɔɽ ho.j.a.,t̪ahalɛ iskul-ɾɛn maɾaŋ mahasɔ͡i̯ sã͡o-t̪ɛ kat̪ʰa ɾɔɽ ho.j-a.,t̪ahalɛ | iskul-ɾɛn | maɾaŋ | mahasɔ͡i̯ | sã͡o-t̪ɛ | kat̪ʰa | ɾɔɽ | ho.j-a,so | school-GEN.HUM | big | teacher | with-INS | talk | speak | happen-FIN,
santali_glossed_1.eaf,91,90000,91000,[S8.14] অর্ক: উৎসবে কী কী থাকবে সেগুলো নিয়েও আলোচনা/আলাপ করতে হবে।,Arka: What segments will be in the festival should also be needed to discuss,pɔɾɔbɾɛ cɛt̪̚ʔ cɛt̪̚ʔ tahɛna ɔnako ni̯͡ɘt̪ɛhɔ̃ galmaɾa͡o̯ ho.joʔa.,pɔɾɔb-ɾɛ cɛt̪ʔ cɛt̪ʔ t̪ahɛ-n-a ɔna-ko ni̯͡ɘ-t̪ɛ-hɔ̃ galmaɾa͡o̯ ho.j-ɔʔ-a.,pɔɾɔb-ɾɛ | cɛt̪ʔ | cɛt̪ʔ | t̪ahɛ-n-a | ɔna-ko | ni̯͡ɘ-t̪ɛ-hɔ̃ | galmaɾa͡o̯ | ho.j-ɔʔ-a,festival-LOC | what | what | be-?-FIN | DEM.DIST-3PL | regarding-INS-also | discuss | happen-MID-FIN,
santali_glossed_1.eaf,92,91000,92000,"[S8.15] প্রদীপ: উৎসবে কত টাকা লাগবে, কতজন মানুষ লাগবে; সবকিছু নিয়ে আলাপ করতে হবে।","Pradeep: How much money will be needed for the festival, how many people will be needed, everything has to be discussed.",pɔɾɔbɾɛ t̪inɘʔ kɘ͡o̯ɖi laga.a t̪inɘʔ hɔɽko laga.a sanamko ni̯͡ɘt̪ɛ galmaɾa͡o̯ ho.joʔa.,pɔɾɔb-ɾɛ t̪inɘʔ kɘ͡o̯ɖi laga-a t̪inɘʔ hɔɽ-ko laga-a sanam-ko ni̯͡ɘ-t̪ɛ galmaɾa͡o̯ ho.j-ɔʔ-a.,pɔɾɔb-ɾɛ | t̪inɘʔ | kɘ͡o̯ɖi | laga-a | t̪inɘʔ | hɔɽ-ko | laga-a | sanam-ko | ni̯͡ɘ-t̪ɛ | galmaɾa͡o̯ | ho.j-ɔʔ-a,festival-LOC | how.much | money | need-FIN | how.much | person-3PL | need-FIN | all-3PL | regarding-INS | discuss | happen-MID-FIN,
santali_glossed_1.eaf,93,92000,93000,[S8.16] প্রদীপ: কাজ ভালোভাবে করার জন্য একটা কমিটি গঠন করতে হবে।,Pradeep: A committee should be formed to do the work properly.,kɘmi bʰage oco͡i̯ lɘgit̪̚ʔ miʔʈɛn komiʈi bɛna͡o̯ ɟɘɾuɽa.,kɘmi bʰage oco-i̯ lɘgit̪ʔ mit̪ʔ-ʈɛn komiʈi bɛna͡o̯ ɟɘɾuɽ-a.,kɘmi | bʰage | oco-i̯ | lɘgit̪ʔ | mit̪ʔ-ʈɛn | komiʈi | bɛna͡o̯ | ɟɘɾuɽ-a,work | good | CAUS-EMPH | for | one-CLF.HUM | committee | make | necessary-FIN,
santali_glossed_1.eaf,94,93000,94000,"[S8.17] অর্ক: আমার মনে হয়, শুরুতে বন্ধুবান্ধবের সাথে আলাপ করা দরকার।",Arka: I think we need to talk to our friends first.,iɲaʔ mɔnɛ ho.joʔkana ɛt̪ɔhɔb̚ʔɾɛ gat̪eko sã͡ot̪ɛ galmaɾa͡o̯ ɟɘɾuɽa.,iɲ-aʔ mɔn-ɛ ho.j-ɔʔ-kan-a ɛt̪ɔhɔb̚ʔ-ɾɛ gat̪e-ko sã͡o-t̪ɛ galmaɾa͡o̯ ɟɘɾuɽ-a.,iɲ-aʔ | mɔn-ɛ | ho.j-ɔʔ-kan-a | ɛt̪ɔhɔb̚ʔ-ɾɛ | gat̪e-ko | sã͡o-t̪ɛ | galmaɾa͡o̯ | ɟɘɾuɽ-a,1SG-GEN | mind-LOC | happen-MID-PRS-FIN | beginning-LOC | friend-3PL | with-INS | discuss | necessary-FIN,
santali_glossed_1.eaf,95,94000,95000,"[S8.18] অর্ক: এরপর তারা সকলে যেভাবে বলে, সেভাবে বাকি কাজ করবো।",Arka: Then we will do the rest as they all suggest.,inɘ t̪a.jɔm oŋko sanam cɛʔlekako mɛna oŋkage bɘki kɘmi ho.joa.,inɘ t̪a.jɔm oŋko sanam cɛʔ-leka-ko mɛn-a oŋka-ge bɘki kɘmi ho.j-o-a.,inɘ | t̪a.jɔm | oŋko | sanam | cɛʔ-leka-ko | mɛn-a | oŋka-ge | bɘki | kɘmi | ho.j-o-a,DEM | after | 3PL | all | what-like-3PL.A | say-FIN | thus-EMPH | rest | work | happen-FUT-FIN,
santali_glossed_1.eaf,96,95000,96000,[S8.19] প্রদীপ: তুমি ঠিক বলেছ।,Pradeep: You are right.,am ʈʰikɛm mɛːnakad̪a.,am ʈʰik-e-m mɛn-akad-a.,am | ʈʰik-e-m | mɛn-akad-a,2SG | right-3SG.OBJ-2SG.A | say-PRF-FIN,
santali_glossed_1.eaf,97,96000,97000,[S8.20] প্রদীপ: সবাইকে সাথে নিয়ে আমরা উৎসব করতে চাই।,Pradeep: We want to celebrate the festival with everyone.,sanamko sã͡o̯t̪ɛ ni̯͡ɘt̪ɛ alɛ pɔɾɔblɛ mɛnco͡i̯d̪a.,sanam-ko sã͡o̯-t̪ɛ ni̯͡ɘ-t̪ɛ alɛ pɔɾɔb-lɛ mɛn-co-i̯-a.,sanam-ko | sã͡o̯-t̪ɛ | ni̯͡ɘ-t̪ɛ | alɛ | pɔɾɔb-lɛ | mɛn-co-i̯-a,all-3PL | with-INS | regarding-INS | 1PL.EXCL | festival-1PL.EXCL.A | say-CAUS-EMPH-FIN,
santali_glossed_1.eaf,98,97000,98000,[S8.21] প্রদীপ: সবাই সহযোগিতা করলে সবকিছু সহজ হবে।,Pradeep: Everything will be easy if everyone cooperates.,ɟɔt̪ɔhɔɽko gɔɽɔlɛnkʰan sanamaʔge alga.aː.,ɟɔt̪ɔ-hɔɽ-ko gɔɽɔ-lɛn-kʰan sanam-aʔ-ge alga-a.,ɟɔt̪ɔ-hɔɽ-ko | gɔɽɔ-lɛn-kʰan | sanam-aʔ-ge | alga-a,all-person-3PL | help-M.PST-COND | all-?-EMPH | easy-FIN,
santali_glossed_1.eaf,99,98000,99000,[S8.22] অর্ক: আশপাশের স্কুলগুলোতে যেতে হবে আমাদের।,Arka: We have to go to the nearby schools.,aɖɛpase ɾejaʔ iskulkoɾɛ abu calaʔ hojoʔt̪abona.,aɖɛ-pase ɾe-aʔ iskul-ko-ɾɛ abu calaʔ ho.j-ɔʔ-t̪a-bon-a.,aɖɛ-pase | ɾe-aʔ | iskul-ko-ɾɛ | abu | calaʔ | ho.j-ɔʔ-t̪a-bon-a,near-side | LOC-GEN | school-3PL-LOC | 1PL.INCL | go | happen-MID-PROG-1PL.INCL.OBJ-FIN,
santali_glossed_1.eaf,100,99000,100000,[S8.23] অর্ক: স্কুলের ছাত্রছাত্রীদের আমাদের উৎসবের কথা জানাতে হবে।,Arka: School students should be informed about our festival.,iskulɾɛn gid̪ɾɛko abo̯͡aʔ pɔɾɔb ɾe.jaʔ kat̪ʰa baɖa͡i̯ ocoko ho.joa.,iskul-ɾɛn gid̪ɾɛ-ko abo-aʔ pɔɾɔb ɾe-aʔ kat̪ʰa baɖa͡i̯-oco-ko ho.j-o-a.,iskul-ɾɛn | gid̪ɾɛ-ko | abo-aʔ | pɔɾɔb | ɾe-aʔ | kat̪ʰa | baɖa͡i̯-oco-ko | ho.j-o-a,school-GEN.HUM | child-3PL | 1PL.INCL-GEN | festival | LOC-GEN | talk | know-CAUS-3PL.OBJ | happen-FUT-FIN,
santali_glossed_1.eaf,101,100000,101000,[S8.24] অর্ক: নাচ-গানে তারা অংশগ্রহণ করলে উৎসব অনেক আনন্দের হবে।,"Arka: If they participate in dancing and singing, the festival will be more joyous.",oŋko ɛnɛʲc̚ʔseɾeɲɾɛko sɛlɛt̪̚ʔlɛnkʰan pɔɾɔb ɘɖi ɾɘskɘge ho.jo.a.,oŋko ɛnɛc̚ʔ-seɾeɲ-ɾɛ-ko sɛlɛt̪ʔ-lɛn-kʰan pɔɾɔb ɘɖi ɾɘskɘ-ge ho.j-o-a.,oŋko | ɛnɛc̚ʔ-seɾeɲ-ɾɛ-ko | sɛlɛt̪ʔ-lɛn-kʰan | pɔɾɔb | ɘɖi | ɾɘskɘ-ge | ho.j-o-a,3PL | dance-song-LOC-3PL.A | join-M.PST-COND | festival | very | joyful-EMPH | happen-FUT-FIN,
santali_glossed_1.eaf,102,101000,102000,[S8.25] প্রদীপ: তাদের জন্য পুরস্কারের ব্যবস্থা রাখতে হবে।,Pradeep: Reward should be arranged/prepared for them.,oŋko lɘgit̪̚ʔ kuɽɘ͡i̯ ɾe.jaʔ bɛbɔst̪a d̪ɔhɔkaʔ ho.joʔa.,oŋko lɘgit̪ʔ kuɽɘ͡i̯ ɾe-aʔ bɛbɔst̪a d̪ɔhɔ-kaʔ ho.j-ɔʔ-a.,oŋko | lɘgit̪ʔ | kuɽɘ͡i̯ | ɾe-aʔ | bɛbɔst̪a | d̪ɔhɔ-kaʔ | ho.j-ɔʔ-a,3PL | for | reward | LOC-GEN | arrangement | keep-PURP | happen-MID-FIN,
santali_glossed_1.eaf,103,102000,103000,[S8.26] অর্ক: ঠিক আছে।,Arka: Okay.,ʈʰikge.ja.,ʈʰik-ge-a.,ʈʰik-ge-a,right-EMPH-FIN,
santali_glossed_1.eaf,104,103000,104000,[S8.27] অর্ক: চলো কাজ শুরু করে দিই।,"Arka: Come on, let's get to work.","d̪ɛla, kɘmibun ɛhɔp̚ʔkat̪̚ʔlege.","d̪ɛla, kɘmi-bun ɛhɔp̚ʔ-kat̪ʔ-le-ge.",d̪ɛla | kɘmi-bun | ɛhɔp̚ʔ-kat̪ʔ-le-ge,come.HORT | work-1PL.INCL.A | begin-CVB-1PL.EXCL-EMPH,
